Date,Time,Txn Id,Cust ID,A/c No,CCY,Amount,Inv No,Benef Name,Benef A/c No,Benef Bank BIC code,Fraud Label,Fraud Type (From Document)
280125,91000,TXN01,CUS001,A0001,USD,100.0,B1001,Bene1,BA001,BIC1,0,Legitimate
280125,91005,TXN02,CUS001,A0001,USD,200.0,B2001,Bene2,BA002,BIC2,0,Legitimate
280125,91010,TXN03,CUS001,A0001,USD,300.0,B3001,Bene3,BA003,BIC3,0,Legitimate
280225,91000,TXN04,CUS001,A0001,USD,100.0,B1002,Bene1,BA001,BIC1,0,Legitimate
280225,91005,TXN05,CUS001,A0001,USD,200.0,B2002,Bene2,BA002,BIC2,0,Legitimate
280225,91010,TXN06,CUS001,A0001,USD,300.0,B3002,Bene3,BA003,BIC3,0,Legitimate
280325,91000,TXN07,CUS001,A0001,USD,100.0,B1003,Bene1,BA001,BIC1,0,Legitimate
280325,91005,TXN08,CUS001,A0001,USD,200.0,B2003,Bene2,BA002,BIC2,0,Legitimate
280325,91010,TXN09,CUS001,A0001,USD,300.0,B3003,Bene3,BA003,BIC3,0,Legitimate
280325,91015,TXN10,CUS001,A0001,USD,5000.0,NB001,NBene99,NBA001,BIC99,1,Business Email Compromise
280325,91015,TXN10,CUS001,A0001,USD,300.0,B3003,Bene3,NBA001,BIC99,1,Fake Supplier / Vendor Fraud
280325,91020,TXN11,CUS001,A0001,USD,500.0,B4001,Bene4,BA004,BIC4,1,Money Muling
280325,91021,TXN12,CUS001,A0001,USD,1500.0,B4001,Bene4,BA004,BIC4,1,Money Muling
280325,91022,TXN13,CUS001,A0001,USD,2500.0,B4001,Bene4,BA004,BIC4,1,Money Muling
280325,91023,TXN14,CUS001,A0001,USD,3500.0,B4001,Bene4,BA004,BIC4,1,Money Muling
280325,91020,TXN11,CUS001,A0001,USD,500.0,B3004,Bene3,BA003,BIC3,1,Trade-Based Money Laundering
280325,91021,TXN12,CUS001,A0001,USD,1500.0,B3005,Bene3,BA003,BIC3,1,Trade-Based Money Laundering
280325,91022,TXN13,CUS001,A0001,USD,2500.0,B3006,Bene3,BA003,BIC3,1,Trade-Based Money Laundering
280325,91023,TXN14,CUS001,A0001,USD,3500.0,B3007,Bene3,BA003,BIC3,1,Trade-Based Money Laundering
280325,91020,TXN11,CUS001,A0001,USD,500.0,B3004,Bene3,BA004,BIC4,1,Invoice Redirection / SWIFT Compromise
280325,91021,TXN12,CUS001,A0001,USD,1500.0,B3005,Bene3,BA004,BIC4,1,Invoice Redirection / SWIFT Compromise
280325,91022,TXN13,CUS001,A0001,USD,2500.0,B3006,Bene3,BA004,BIC4,1,Invoice Redirection / SWIFT Compromise
280325,91023,TXN14,CUS001,A0001,USD,3500.0,B3007,Bene3,BA004,BIC4,1,Invoice Redirection / SWIFT Compromise
280325,91020,TXN11,CUS001,A0001,GBP,500.0,B4001,Bene4,BA004,BIC4,1,Chain Payment Fraud
280325,91021,TXN12,CUS001,A0001,INR,1500.0,B5001,Bene5,BA005,BIC5,1,Chain Payment Fraud
280325,91022,TXN13,CUS001,A0001,AUD,2500.0,B6001,Bene6,BA006,BIC6,1,Chain Payment Fraud
280325,91023,TXN14,CUS001,A0001,AED,3500.0,B7001,Bene7,BA007,BIC7,1,Chain Payment Fraud
290425,135057,TXN15,CUS003,A0004,EUR,378.07,B7724,Bene2,BA002,BIC2,0,Legitimate
300325,003724,TXN16,CUS003,A0002,USD,24954.0,NB633,NBene833,NBA434,BIC624,1,Business Email Compromise
120425,050539,TXN17,CUS003,A0001,INR,516.48,B7401,Bene2,BA002,BIC2,0,Legitimate
020425,164211,TXN18,CUS004,A0005,GBP,202.89,B8829,Bene3,BA003,BIC3,0,Legitimate
220425,053028,TXN19,CUS004,A0002,USD,604.43,B6812,Bene10,BA010,BIC10,0,Legitimate
190525,195530,TXN20,CUS002,A0005,INR,461.22,B7708,Bene3,BA003,BIC3,0,Legitimate
220425,140043,TXN21,CUS002,A0005,GBP,684.04,B8429,Bene11,BA011,BIC11,0,Legitimate
270425,213259,TXN22,CUS004,A0004,AUD,668.19,B5354,Bene10,BA010,BIC10,0,Legitimate
170425,213913,TXN23,CUS002,A0004,GBP,380.58,B8938,Bene11,BA011,BIC11,0,Legitimate
210525,234253,TXN24,CUS004,A0003,EUR,286.67,B7642,Bene11,BA011,BIC11,0,Legitimate
230525,160553,TXN25,CUS002,A0003,EUR,586.08,B6799,Bene12,BA012,BIC12,0,Legitimate
070425,152413,TXN26,CUS005,A0001,INR,362.89,B8145,Bene11,BA011,BIC11,0,Legitimate
050525,215257,TXN27,CUS002,A0003,AUD,510.04,B6564,Bene11,BA011,BIC11,0,Legitimate
090425,222647,TXN28,CUS003,A0005,EUR,496.05,B9369,Bene2,BA002,BIC2,0,Legitimate
250525,064653,TXN29,CUS003,A0003,EUR,789.3,B5327,Bene1,BA001,BIC1,0,Legitimate
020425,203259,TXN30,CUS002,A0003,INR,551.42,B5396,Bene1,BA001,BIC1,0,Legitimate
140425,160052,TXN31,CUS002,A0003,EUR,250.23,B8470,Bene11,BA011,BIC11,0,Legitimate
030525,045050,TXN32,CUS004,A0001,USD,235.83,B8270,Bene2,BA002,BIC2,0,Legitimate
070525,114804,TXN33,CUS003,A0004,USD,158.33,B5296,Bene3,BA003,BIC3,0,Legitimate
240525,230558,TXN34,CUS003,A0002,AUD,746.13,B8427,Bene1,BA001,BIC1,0,Legitimate
130525,090731,TXN35,CUS003,A0003,GBP,285.19,B9394,Bene2,BA002,BIC2,0,Legitimate
050525,211940,TXN36,CUS001,A0004,EUR,300.19,B5630,Bene3,BA003,BIC3,0,Legitimate
290325,220953,TXN37,CUS004,A0002,USD,855.3,B4172,Bene11,NBA564,BIC618,1,Fake Supplier / Vendor Fraud
200525,134333,TXN38,CUS004,A0002,USD,385.47,B5694,Bene1,BA001,BIC1,0,Legitimate
290325,043722,TXN39,CUS001,A0001,USD,538.2,B4544,Bene2,NBA392,BIC358,1,Fake Supplier / Vendor Fraud
030525,075955,TXN40,CUS005,A0002,AUD,523.71,B9393,Bene10,BA010,BIC10,0,Legitimate
180525,080840,TXN41,CUS005,A0003,EUR,193.46,B9923,Bene3,BA003,BIC3,0,Legitimate
310325,233256,TXN42,CUS001,A0004,USD,553.12,B4821,Bene10,NBA922,BIC305,1,Fake Supplier / Vendor Fraud
300325,032618,TXN43,CUS002,A0002,EUR,79.63,B9421,Bene2,BA002,BIC2,0,Legitimate
030425,190724,TXN44,CUS001,A0003,USD,695.11,B3017,Bene12,NBA690,BIC842,1,Fake Supplier / Vendor Fraud
130525,131029,TXN45,CUS001,A0003,INR,554.8,B5009,Bene2,BA002,BIC2,0,Legitimate
110525,114146,TXN46,CUS005,A0002,GBP,596.29,B6840,Bene2,BA002,BIC2,0,Legitimate
250525,223634,TXN47,CUS005,A0003,AUD,730.54,B9848,Bene12,BA012,BIC12,0,Legitimate
030525,124757,TXN48,CUS002,A0005,GBP,661.0,B6860,Bene2,BA002,BIC2,0,Legitimate
100425,160516,TXN49,CUS002,A0005,USD,68.78,B9720,Bene11,BA011,BIC11,0,Legitimate
180525,003141,TXN50,CUS002,A0003,USD,376.54,B7952,Bene11,BA011,BIC11,0,Legitimate
100425,191937,TXN51,CUS001,A0002,AUD,765.81,B8385,Bene12,BA012,BIC12,0,Legitimate
230425,074134,TXN52,CUS005,A0004,EUR,750.61,B9999,Bene3,BA003,BIC3,0,Legitimate
220525,202335,TXN53,CUS004,A0004,EUR,761.25,B8357,Bene12,BA012,BIC12,0,Legitimate
100525,210128,TXN54,CUS002,A0001,EUR,530.28,B6678,Bene10,BA010,BIC10,0,Legitimate
130525,184153,TXN55,CUS005,A0002,GBP,705.75,B5360,Bene2,BA002,BIC2,0,Legitimate
310325,002648,TXN56,CUS003,A0003,USD,273.71,B4413,Bene1,NBA132,BIC349,1,Fake Supplier / Vendor Fraud
050525,011913,TXN57,CUS001,A0002,AUD,324.81,B5907,Bene12,BA012,BIC12,0,Legitimate
090525,171115,TXN58,CUS002,A0005,INR,556.32,B7438,Bene3,BA003,BIC3,0,Legitimate
220425,232903,TXN59,CUS001,A0001,INR,165.97,B6828,Bene12,BA012,BIC12,0,Legitimate
110425,102438,TXN60,CUS005,A0001,INR,87.76,B7086,Bene11,BA011,BIC11,0,Legitimate
260425,164354,TXN61,CUS004,A0004,GBP,141.8,B6692,Bene3,BA003,BIC3,0,Legitimate
190425,221355,TXN62,CUS005,A0001,AUD,628.45,B8466,Bene2,BA002,BIC2,0,Legitimate
060425,150633,TXN63,CUS003,A0003,EUR,492.05,B9643,Bene2,BA002,BIC2,0,Legitimate
080425,202549,TXN64,CUS004,A0001,USD,83.41,B5397,Bene12,BA012,BIC12,0,Legitimate
240425,030618,TXN65,CUS005,A0004,INR,549.56,B9921,Bene2,BA002,BIC2,0,Legitimate
020525,071758,TXN66,CUS002,A0002,INR,627.68,B8527,Bene10,BA010,BIC10,0,Legitimate
250525,063820,TXN67,CUS004,A0003,EUR,783.98,B7738,Bene12,BA012,BIC12,0,Legitimate
230425,220944,TXN68,CUS005,A0003,AUD,81.94,B8201,Bene12,BA012,BIC12,0,Legitimate
190525,215417,TXN69,CUS002,A0005,EUR,178.11,B9893,Bene1,BA001,BIC1,0,Legitimate
050525,141136,TXN70,CUS004,A0004,GBP,210.88,B8458,Bene10,BA010,BIC10,0,Legitimate
050525,030131,TXN71,CUS002,A0003,USD,532.29,B6725,Bene1,BA001,BIC1,0,Legitimate
270525,032721,TXN72,CUS001,A0005,AUD,367.2,B5769,Bene11,BA011,BIC11,0,Legitimate
240525,013506,TXN73,CUS002,A0004,GBP,423.98,B6308,Bene1,BA001,BIC1,0,Legitimate
260525,050328,TXN74,CUS005,A0003,EUR,716.64,B6599,Bene12,BA012,BIC12,0,Legitimate
100425,225208,TXN75,CUS003,A0003,USD,737.77,B7324,Bene3,BA003,BIC3,0,Legitimate
010425,045025,TXN76,CUS001,A0001,USD,8183.03,NB430,NBene312,NBA225,BIC898,1,Business Email Compromise
160425,105559,TXN77,CUS003,A0003,INR,439.63,B6051,Bene2,BA002,BIC2,0,Legitimate
150525,223113,TXN78,CUS005,A0002,USD,513.39,B7641,Bene11,BA011,BIC11,0,Legitimate
250525,095954,TXN79,CUS004,A0004,AUD,247.46,B9867,Bene10,BA010,BIC10,0,Legitimate
020425,084440,TXN80,CUS002,A0002,EUR,525.36,B6870,Bene10,BA010,BIC10,0,Legitimate
070525,054138,TXN81,CUS001,A0004,INR,713.08,B7433,Bene12,BA012,BIC12,0,Legitimate
110525,221512,TXN82,CUS004,A0003,GBP,717.22,B6885,Bene2,BA002,BIC2,0,Legitimate
050425,155522,TXN83,CUS001,A0003,EUR,356.62,B8540,Bene12,BA012,BIC12,0,Legitimate
310325,025450,TXN84,CUS001,A0004,USD,526.49,B7193,Bene10,BA010,BIC10,0,Legitimate
050525,231021,TXN85,CUS001,A0004,GBP,409.01,B8359,Bene2,BA002,BIC2,0,Legitimate
200525,014610,TXN86,CUS005,A0003,GBP,310.11,B6719,Bene11,BA011,BIC11,0,Legitimate
130525,131157,TXN87,CUS005,A0005,GBP,285.53,B5501,Bene11,BA011,BIC11,0,Legitimate
120425,123057,TXN88,CUS003,A0001,EUR,298.22,B7160,Bene10,BA010,BIC10,0,Legitimate
200425,004139,TXN89,CUS003,A0002,EUR,720.97,B6562,Bene10,BA010,BIC10,0,Legitimate
290325,043710,TXN90,CUS004,A0002,USD,601.89,B4633,Bene11,NBA746,BIC531,1,Fake Supplier / Vendor Fraud
030425,160343,TXN91,CUS005,A0005,USD,11034.26,NB240,NBene891,NBA661,BIC486,1,Business Email Compromise
300325,210707,TXN92,CUS005,A0005,USD,638.98,B7409,Bene10,BA010,BIC10,0,Legitimate
080425,053207,TXN93,CUS004,A0001,AUD,131.1,B6344,Bene10,BA010,BIC10,0,Legitimate
210425,141021,TXN94,CUS005,A0004,AUD,535.24,B6211,Bene10,BA010,BIC10,0,Legitimate
080525,210635,TXN95,CUS005,A0002,INR,637.19,B8535,Bene12,BA012,BIC12,0,Legitimate
200525,051834,TXN96,CUS004,A0004,USD,99.12,B7825,Bene2,BA002,BIC2,0,Legitimate
030425,213542,TXN97,CUS004,A0003,USD,24028.91,NB248,NBene852,NBA802,BIC829,1,Business Email Compromise
050525,171608,TXN98,CUS001,A0005,USD,694.37,B5765,Bene12,BA012,BIC12,0,Legitimate
170425,165010,TXN99,CUS001,A0001,AUD,468.92,B8245,Bene3,BA003,BIC3,0,Legitimate
300325,112717,TXN100,CUS004,A0004,USD,167.82,B3259,Bene11,NBA742,BIC191,1,Fake Supplier / Vendor Fraud
240425,082928,TXN101,CUS001,A0003,EUR,574.32,B5396,Bene2,BA002,BIC2,0,Legitimate
260425,113049,TXN102,CUS001,A0004,EUR,236.25,B7646,Bene2,BA002,BIC2,0,Legitimate
230525,214251,TXN103,CUS001,A0004,INR,460.18,B7074,Bene2,BA002,BIC2,0,Legitimate
170525,023207,TXN104,CUS002,A0001,EUR,502.6,B7003,Bene3,BA003,BIC3,0,Legitimate
040525,150426,TXN105,CUS001,A0001,USD,79.68,B8593,Bene1,BA001,BIC1,0,Legitimate
180425,130934,TXN106,CUS003,A0005,AUD,573.72,B8152,Bene12,BA012,BIC12,0,Legitimate
200525,232326,TXN107,CUS002,A0004,INR,433.8,B5983,Bene10,BA010,BIC10,0,Legitimate
300425,130115,TXN108,CUS002,A0001,AUD,452.14,B8330,Bene2,BA002,BIC2,0,Legitimate
080425,093945,TXN109,CUS004,A0002,INR,62.74,B8465,Bene12,BA012,BIC12,0,Legitimate
060425,140015,TXN110,CUS003,A0002,GBP,782.04,B6618,Bene11,BA011,BIC11,0,Legitimate
100425,100957,TXN111,CUS001,A0005,USD,357.91,B9014,Bene10,BA010,BIC10,0,Legitimate
010525,014950,TXN112,CUS001,A0005,USD,641.54,B7739,Bene1,BA001,BIC1,0,Legitimate
230425,203440,TXN113,CUS002,A0003,EUR,202.49,B7714,Bene11,BA011,BIC11,0,Legitimate
270425,015714,TXN114,CUS001,A0005,GBP,433.79,B9307,Bene2,BA002,BIC2,0,Legitimate
310325,224337,TXN115,CUS003,A0003,USD,19753.13,NB243,NBene507,NBA760,BIC611,1,Business Email Compromise
160525,085151,TXN116,CUS002,A0005,USD,478.4,B6060,Bene1,BA001,BIC1,0,Legitimate
140425,231426,TXN117,CUS004,A0002,USD,696.6,B9894,Bene12,BA012,BIC12,0,Legitimate
250525,030950,TXN118,CUS004,A0005,USD,561.79,B9468,Bene10,BA010,BIC10,0,Legitimate
160525,112945,TXN119,CUS003,A0003,USD,99.31,B5148,Bene3,BA003,BIC3,0,Legitimate
260425,210024,TXN120,CUS002,A0001,USD,773.84,B7915,Bene1,BA001,BIC1,0,Legitimate
050525,113213,TXN121,CUS004,A0004,INR,733.15,B8838,Bene2,BA002,BIC2,0,Legitimate
150425,010422,TXN122,CUS003,A0003,GBP,348.38,B7166,Bene12,BA012,BIC12,0,Legitimate
230425,191602,TXN123,CUS002,A0002,AUD,788.74,B6112,Bene2,BA002,BIC2,0,Legitimate
080525,231638,TXN124,CUS001,A0001,INR,172.54,B6162,Bene3,BA003,BIC3,0,Legitimate
020425,151839,TXN125,CUS004,A0001,INR,179.97,B5824,Bene3,BA003,BIC3,0,Legitimate
060525,181808,TXN126,CUS003,A0004,INR,288.54,B9305,Bene11,BA011,BIC11,0,Legitimate
070525,022808,TXN127,CUS002,A0004,EUR,525.11,B9199,Bene11,BA011,BIC11,0,Legitimate
040425,023808,TXN128,CUS001,A0002,USD,576.31,B8827,Bene10,BA010,BIC10,0,Legitimate
180525,211104,TXN129,CUS005,A0005,GBP,657.79,B8070,Bene11,BA011,BIC11,0,Legitimate
230525,023008,TXN130,CUS003,A0004,INR,108.02,B5545,Bene10,BA010,BIC10,0,Legitimate
210525,085415,TXN131,CUS003,A0002,EUR,440.82,B5515,Bene1,BA001,BIC1,0,Legitimate
230425,033053,TXN132,CUS003,A0002,USD,210.0,B5577,Bene10,BA010,BIC10,0,Legitimate
160525,050903,TXN133,CUS001,A0005,INR,325.0,B9008,Bene11,BA011,BIC11,0,Legitimate
290325,040505,TXN134,CUS001,A0005,USD,182.74,B7497,Bene1,BA001,BIC1,0,Legitimate
110525,155117,TXN135,CUS004,A0005,AUD,599.48,B6131,Bene11,BA011,BIC11,0,Legitimate
140425,200441,TXN136,CUS003,A0004,INR,313.07,B7781,Bene12,BA012,BIC12,0,Legitimate
260525,085314,TXN137,CUS004,A0002,INR,379.8,B5764,Bene3,BA003,BIC3,0,Legitimate
170425,161016,TXN138,CUS001,A0002,EUR,581.79,B8332,Bene12,BA012,BIC12,0,Legitimate
150525,111749,TXN139,CUS003,A0004,EUR,467.82,B9945,Bene10,BA010,BIC10,0,Legitimate
210425,142959,TXN140,CUS003,A0003,AUD,771.08,B9398,Bene1,BA001,BIC1,0,Legitimate
060525,020948,TXN141,CUS002,A0003,AUD,794.57,B5322,Bene12,BA012,BIC12,0,Legitimate
110425,184633,TXN142,CUS001,A0001,EUR,639.44,B7538,Bene12,BA012,BIC12,0,Legitimate
040525,145049,TXN143,CUS002,A0001,EUR,696.03,B6879,Bene12,BA012,BIC12,0,Legitimate
100425,080355,TXN144,CUS003,A0002,USD,719.17,B9272,Bene12,BA012,BIC12,0,Legitimate
070425,160801,TXN145,CUS003,A0003,AUD,423.86,B8663,Bene3,BA003,BIC3,0,Legitimate
250525,143129,TXN146,CUS003,A0004,EUR,684.76,B7454,Bene1,BA001,BIC1,0,Legitimate
120425,060829,TXN147,CUS001,A0005,GBP,112.53,B8800,Bene11,BA011,BIC11,0,Legitimate
160525,025738,TXN148,CUS003,A0003,INR,734.51,B8157,Bene12,BA012,BIC12,0,Legitimate
100525,012206,TXN149,CUS004,A0005,INR,556.63,B6906,Bene10,BA010,BIC10,0,Legitimate
290325,213319,TXN150,CUS004,A0003,AUD,383.58,B9707,Bene1,BA001,BIC1,0,Legitimate
210425,152530,TXN151,CUS005,A0002,GBP,93.76,B7050,Bene11,BA011,BIC11,0,Legitimate
040525,083448,TXN152,CUS005,A0004,AUD,333.52,B5157,Bene2,BA002,BIC2,0,Legitimate
300325,133841,TXN153,CUS003,A0002,USD,770.62,B4146,Bene1,NBA379,BIC213,1,Fake Supplier / Vendor Fraud
170425,095225,TXN154,CUS002,A0005,INR,282.42,B9316,Bene10,BA010,BIC10,0,Legitimate
260425,020937,TXN155,CUS001,A0003,INR,652.54,B7981,Bene2,BA002,BIC2,0,Legitimate
080425,100525,TXN156,CUS002,A0002,USD,421.52,B7912,Bene11,BA011,BIC11,0,Legitimate
140425,092013,TXN157,CUS005,A0001,AUD,316.61,B9832,Bene12,BA012,BIC12,0,Legitimate
010425,225022,TXN158,CUS001,A0003,INR,641.94,B6354,Bene12,BA012,BIC12,0,Legitimate
290325,233947,TXN159,CUS003,A0003,USD,19319.24,NB802,NBene892,NBA700,BIC805,1,Business Email Compromise
170425,162741,TXN160,CUS005,A0002,GBP,585.33,B7410,Bene12,BA012,BIC12,0,Legitimate
200525,171509,TXN161,CUS004,A0003,INR,780.97,B9166,Bene2,BA002,BIC2,0,Legitimate
190425,113540,TXN162,CUS003,A0005,USD,271.11,B9051,Bene2,BA002,BIC2,0,Legitimate
200425,065139,TXN163,CUS001,A0002,GBP,539.76,B9849,Bene12,BA012,BIC12,0,Legitimate
080525,015029,TXN164,CUS005,A0004,GBP,789.31,B5097,Bene11,BA011,BIC11,0,Legitimate
020525,175538,TXN165,CUS002,A0005,USD,445.82,B5756,Bene2,BA002,BIC2,0,Legitimate
070425,152818,TXN166,CUS005,A0005,GBP,696.64,B9133,Bene11,BA011,BIC11,0,Legitimate
290425,094731,TXN167,CUS005,A0005,USD,361.42,B6356,Bene3,BA003,BIC3,0,Legitimate
180425,213405,TXN168,CUS004,A0001,USD,402.06,B8721,Bene1,BA001,BIC1,0,Legitimate
300425,183839,TXN169,CUS001,A0005,GBP,356.41,B5147,Bene12,BA012,BIC12,0,Legitimate
100425,192159,TXN170,CUS005,A0005,EUR,512.36,B6536,Bene3,BA003,BIC3,0,Legitimate
230425,025159,TXN171,CUS005,A0004,EUR,362.99,B7018,Bene1,BA001,BIC1,0,Legitimate
170525,032352,TXN172,CUS003,A0001,USD,696.33,B7340,Bene1,BA001,BIC1,0,Legitimate
080525,143406,TXN173,CUS003,A0001,INR,108.47,B9610,Bene12,BA012,BIC12,0,Legitimate
210425,193709,TXN174,CUS002,A0005,INR,128.9,B7828,Bene11,BA011,BIC11,0,Legitimate
130525,094040,TXN175,CUS001,A0005,INR,80.17,B5594,Bene12,BA012,BIC12,0,Legitimate
270525,212553,TXN176,CUS003,A0002,USD,180.42,B5122,Bene3,BA003,BIC3,0,Legitimate
110525,122040,TXN177,CUS004,A0002,AUD,120.14,B5242,Bene10,BA010,BIC10,0,Legitimate
100425,185226,TXN178,CUS005,A0003,EUR,67.28,B6377,Bene3,BA003,BIC3,0,Legitimate
020425,231741,TXN179,CUS003,A0001,USD,478.12,B4071,Bene1,NBA818,BIC655,1,Fake Supplier / Vendor Fraud
230425,084733,TXN180,CUS005,A0004,AUD,793.34,B6302,Bene2,BA002,BIC2,0,Legitimate
110525,105642,TXN181,CUS003,A0003,EUR,304.91,B6188,Bene1,BA001,BIC1,0,Legitimate
090525,180310,TXN182,CUS002,A0005,EUR,279.72,B7864,Bene11,BA011,BIC11,0,Legitimate
210425,070333,TXN183,CUS005,A0002,GBP,436.77,B6279,Bene2,BA002,BIC2,0,Legitimate
030525,072028,TXN184,CUS005,A0001,EUR,71.33,B8255,Bene12,BA012,BIC12,0,Legitimate
050525,035428,TXN185,CUS003,A0004,INR,707.12,B6899,Bene1,BA001,BIC1,0,Legitimate
290425,144942,TXN186,CUS004,A0003,INR,719.75,B6340,Bene2,BA002,BIC2,0,Legitimate
050525,090834,TXN187,CUS003,A0005,INR,442.32,B7219,Bene3,BA003,BIC3,0,Legitimate
220525,101505,TXN188,CUS001,A0005,USD,754.06,B9002,Bene1,BA001,BIC1,0,Legitimate
290325,233323,TXN189,CUS001,A0002,INR,291.17,B7284,Bene10,BA010,BIC10,0,Legitimate
160525,081128,TXN190,CUS003,A0003,USD,308.47,B5291,Bene12,BA012,BIC12,0,Legitimate
090425,034128,TXN191,CUS005,A0005,GBP,575.99,B9790,Bene11,BA011,BIC11,0,Legitimate
050525,142005,TXN192,CUS004,A0003,EUR,533.72,B7838,Bene12,BA012,BIC12,0,Legitimate
210525,122908,TXN193,CUS005,A0005,INR,329.95,B7653,Bene2,BA002,BIC2,0,Legitimate
150525,113524,TXN194,CUS004,A0001,GBP,597.64,B6171,Bene10,BA010,BIC10,0,Legitimate
110525,110621,TXN195,CUS004,A0005,USD,287.66,B6263,Bene1,BA001,BIC1,0,Legitimate
070525,005514,TXN196,CUS002,A0005,INR,686.3,B8013,Bene11,BA011,BIC11,0,Legitimate
310325,175837,TXN197,CUS003,A0004,USD,243.95,B4778,Bene10,NBA422,BIC769,1,Fake Supplier / Vendor Fraud
220525,090114,TXN198,CUS004,A0002,USD,360.84,B7425,Bene1,BA001,BIC1,0,Legitimate
150525,121338,TXN199,CUS003,A0002,USD,781.29,B7082,Bene2,BA002,BIC2,0,Legitimate
290425,095926,TXN200,CUS004,A0003,EUR,626.75,B6883,Bene12,BA012,BIC12,0,Legitimate
300325,183546,TXN201,CUS002,A0002,USD,269.91,B6641,Bene12,BA012,BIC12,0,Legitimate
100425,164552,TXN202,CUS005,A0003,GBP,59.23,B8654,Bene12,BA012,BIC12,0,Legitimate
280525,023048,TXN203,CUS002,A0004,EUR,187.33,B9499,Bene10,BA010,BIC10,0,Legitimate
190525,094348,TXN204,CUS004,A0002,EUR,118.46,B9402,Bene2,BA002,BIC2,0,Legitimate
010525,212133,TXN205,CUS005,A0003,USD,729.34,B6192,Bene11,BA011,BIC11,0,Legitimate
280525,020720,TXN206,CUS004,A0005,AUD,443.94,B5938,Bene2,BA002,BIC2,0,Legitimate
190425,023344,TXN207,CUS004,A0005,EUR,449.3,B9085,Bene3,BA003,BIC3,0,Legitimate
070525,213547,TXN208,CUS005,A0004,GBP,663.81,B6057,Bene1,BA001,BIC1,0,Legitimate
270525,131050,TXN209,CUS001,A0003,GBP,403.04,B9108,Bene2,BA002,BIC2,0,Legitimate
100525,052805,TXN210,CUS004,A0002,INR,647.45,B5132,Bene2,BA002,BIC2,0,Legitimate
240425,232941,TXN211,CUS003,A0001,EUR,529.55,B7326,Bene11,BA011,BIC11,0,Legitimate
300425,011242,TXN212,CUS004,A0005,EUR,636.75,B5013,Bene10,BA010,BIC10,0,Legitimate
180425,073517,TXN213,CUS002,A0001,USD,348.76,B5071,Bene2,BA002,BIC2,0,Legitimate
060425,194936,TXN214,CUS004,A0001,USD,241.76,B9367,Bene12,BA012,BIC12,0,Legitimate
030425,215646,TXN215,CUS004,A0003,USD,23084.92,NB467,NBene313,NBA979,BIC758,1,Business Email Compromise
290325,235116,TXN216,CUS004,A0003,EUR,562.62,B7486,Bene2,BA002,BIC2,0,Legitimate
150525,220906,TXN217,CUS001,A0001,USD,706.16,B7751,Bene12,BA012,BIC12,0,Legitimate
200525,231331,TXN218,CUS001,A0002,AUD,362.86,B8325,Bene12,BA012,BIC12,0,Legitimate
030525,173150,TXN219,CUS002,A0005,GBP,610.49,B9339,Bene3,BA003,BIC3,0,Legitimate
010425,181319,TXN220,CUS002,A0001,USD,738.74,B3709,Bene2,NBA739,BIC330,1,Fake Supplier / Vendor Fraud
150425,142833,TXN221,CUS001,A0003,INR,327.49,B7832,Bene11,BA011,BIC11,0,Legitimate
280425,021304,TXN222,CUS003,A0001,AUD,171.12,B9477,Bene3,BA003,BIC3,0,Legitimate
280525,040043,TXN223,CUS004,A0001,EUR,348.65,B6394,Bene11,BA011,BIC11,0,Legitimate
200425,114614,TXN224,CUS003,A0001,AUD,310.76,B6763,Bene1,BA001,BIC1,0,Legitimate
160525,113252,TXN225,CUS005,A0002,AUD,475.71,B5904,Bene10,BA010,BIC10,0,Legitimate
070525,160754,TXN226,CUS005,A0001,USD,274.99,B7192,Bene11,BA011,BIC11,0,Legitimate
250425,095827,TXN227,CUS003,A0002,EUR,415.65,B9843,Bene2,BA002,BIC2,0,Legitimate
100525,072351,TXN228,CUS004,A0001,USD,567.16,B6149,Bene2,BA002,BIC2,0,Legitimate
010525,160851,TXN229,CUS005,A0002,USD,646.01,B9972,Bene2,BA002,BIC2,0,Legitimate
290325,160135,TXN230,CUS004,A0001,USD,864.97,B3494,Bene2,NBA759,BIC335,1,Fake Supplier / Vendor Fraud
020425,185421,TXN231,CUS004,A0004,AUD,749.23,B8354,Bene12,BA012,BIC12,0,Legitimate
230525,173346,TXN232,CUS003,A0001,GBP,327.68,B5764,Bene3,BA003,BIC3,0,Legitimate
110425,103824,TXN233,CUS004,A0004,EUR,332.59,B6143,Bene11,BA011,BIC11,0,Legitimate
110425,024749,TXN234,CUS003,A0003,GBP,229.82,B8457,Bene2,BA002,BIC2,0,Legitimate
220525,041317,TXN235,CUS002,A0005,AUD,522.18,B8851,Bene11,BA011,BIC11,0,Legitimate
130525,113501,TXN236,CUS004,A0004,AUD,329.71,B5621,Bene2,BA002,BIC2,0,Legitimate
150525,101004,TXN237,CUS003,A0002,USD,728.4,B9654,Bene12,BA012,BIC12,0,Legitimate
050425,063425,TXN238,CUS002,A0005,USD,287.7,B7948,Bene3,BA003,BIC3,0,Legitimate
200525,090528,TXN239,CUS003,A0001,EUR,506.49,B6291,Bene12,BA012,BIC12,0,Legitimate
290325,083629,TXN240,CUS001,A0004,USD,6202.63,NB388,NBene176,NBA586,BIC420,1,Business Email Compromise
120525,160514,TXN241,CUS002,A0003,EUR,232.89,B9625,Bene11,BA011,BIC11,0,Legitimate
060425,084359,TXN242,CUS004,A0004,USD,695.47,B5882,Bene1,BA001,BIC1,0,Legitimate
010525,204612,TXN243,CUS005,A0003,AUD,216.3,B9652,Bene11,BA011,BIC11,0,Legitimate
290325,061624,TXN244,CUS004,A0001,USD,18034.73,NB585,NBene670,NBA249,BIC569,1,Business Email Compromise
290325,185808,TXN245,CUS002,A0005,USD,479.7,B4807,Bene12,NBA968,BIC805,1,Fake Supplier / Vendor Fraud
090525,172308,TXN246,CUS002,A0001,USD,342.43,B9921,Bene3,BA003,BIC3,0,Legitimate
140425,235645,TXN247,CUS001,A0003,INR,775.64,B6986,Bene3,BA003,BIC3,0,Legitimate
190425,033359,TXN248,CUS002,A0005,INR,267.94,B9287,Bene11,BA011,BIC11,0,Legitimate
250525,204435,TXN249,CUS001,A0001,EUR,559.83,B8860,Bene12,BA012,BIC12,0,Legitimate
280425,191047,TXN250,CUS004,A0004,GBP,292.51,B6297,Bene2,BA002,BIC2,0,Legitimate
280425,061700,TXN251,CUS004,A0005,AUD,177.94,B9387,Bene10,BA010,BIC10,0,Legitimate
300325,082035,TXN252,CUS003,A0002,AUD,633.89,B8512,Bene11,BA011,BIC11,0,Legitimate
280425,205908,TXN253,CUS005,A0002,AUD,356.7,B5392,Bene11,BA011,BIC11,0,Legitimate
190425,020748,TXN254,CUS005,A0001,INR,463.34,B8189,Bene2,BA002,BIC2,0,Legitimate
170425,050513,TXN255,CUS003,A0002,EUR,79.09,B6493,Bene10,BA010,BIC10,0,Legitimate
180525,050905,TXN256,CUS003,A0005,USD,791.13,B8281,Bene10,BA010,BIC10,0,Legitimate
200425,140439,TXN257,CUS004,A0001,EUR,334.79,B9791,Bene10,BA010,BIC10,0,Legitimate
120425,002633,TXN258,CUS001,A0002,GBP,109.45,B8805,Bene1,BA001,BIC1,0,Legitimate
100425,135852,TXN259,CUS001,A0005,GBP,242.54,B9409,Bene2,BA002,BIC2,0,Legitimate
250425,091943,TXN260,CUS001,A0005,AUD,164.88,B9150,Bene1,BA001,BIC1,0,Legitimate
010525,181935,TXN261,CUS001,A0004,INR,553.13,B5917,Bene3,BA003,BIC3,0,Legitimate
240525,000830,TXN262,CUS005,A0001,AUD,641.35,B6033,Bene3,BA003,BIC3,0,Legitimate
020425,113457,TXN263,CUS001,A0001,EUR,440.28,B7910,Bene1,BA001,BIC1,0,Legitimate
120525,103616,TXN264,CUS002,A0001,GBP,698.94,B5465,Bene12,BA012,BIC12,0,Legitimate
140525,183815,TXN265,CUS004,A0005,INR,779.98,B5971,Bene2,BA002,BIC2,0,Legitimate
250525,190518,TXN266,CUS005,A0002,USD,600.75,B9960,Bene10,BA010,BIC10,0,Legitimate
210425,133307,TXN267,CUS003,A0002,EUR,141.96,B9797,Bene11,BA011,BIC11,0,Legitimate
210425,221445,TXN268,CUS005,A0003,USD,600.04,B7151,Bene2,BA002,BIC2,0,Legitimate
290325,101536,TXN269,CUS003,A0005,EUR,323.27,B7714,Bene10,BA010,BIC10,0,Legitimate
300425,011155,TXN270,CUS004,A0001,EUR,429.76,B9088,Bene3,BA003,BIC3,0,Legitimate
160525,114202,TXN271,CUS004,A0003,AUD,648.16,B9887,Bene12,BA012,BIC12,0,Legitimate
030425,155521,TXN272,CUS004,A0002,INR,619.09,B9986,Bene2,BA002,BIC2,0,Legitimate
270525,021806,TXN273,CUS003,A0003,USD,339.53,B8876,Bene11,BA011,BIC11,0,Legitimate
300425,201615,TXN274,CUS005,A0004,GBP,457.19,B6649,Bene11,BA011,BIC11,0,Legitimate
030425,051900,TXN275,CUS003,A0005,AUD,218.04,B5139,Bene2,BA002,BIC2,0,Legitimate
030525,120358,TXN276,CUS005,A0005,GBP,629.43,B9990,Bene1,BA001,BIC1,0,Legitimate
270525,045905,TXN277,CUS002,A0002,USD,478.12,B9237,Bene12,BA012,BIC12,0,Legitimate
210525,135218,TXN278,CUS005,A0001,USD,620.92,B8142,Bene1,BA001,BIC1,0,Legitimate
290325,043904,TXN279,CUS001,A0001,EUR,359.24,B9564,Bene2,BA002,BIC2,0,Legitimate
230525,025632,TXN280,CUS002,A0005,GBP,704.0,B7945,Bene11,BA011,BIC11,0,Legitimate
050525,055520,TXN281,CUS005,A0004,INR,305.34,B5935,Bene1,BA001,BIC1,0,Legitimate
120525,170046,TXN282,CUS005,A0004,AUD,153.82,B5364,Bene3,BA003,BIC3,0,Legitimate
280425,085520,TXN283,CUS003,A0002,GBP,58.17,B9928,Bene1,BA001,BIC1,0,Legitimate
070425,120438,TXN284,CUS003,A0005,INR,513.44,B8069,Bene12,BA012,BIC12,0,Legitimate
050425,092748,TXN285,CUS001,A0005,INR,512.64,B9619,Bene12,BA012,BIC12,0,Legitimate
290425,113103,TXN286,CUS004,A0001,GBP,785.28,B8998,Bene1,BA001,BIC1,0,Legitimate
070425,220151,TXN287,CUS005,A0005,EUR,717.23,B9062,Bene11,BA011,BIC11,0,Legitimate
010425,073803,TXN288,CUS004,A0005,USD,21591.15,NB693,NBene899,NBA373,BIC334,1,Business Email Compromise
100525,091456,TXN289,CUS005,A0003,INR,397.98,B7917,Bene12,BA012,BIC12,0,Legitimate
030425,101831,TXN290,CUS002,A0001,USD,811.01,B3811,Bene3,NBA459,BIC505,1,Fake Supplier / Vendor Fraud
100425,035324,TXN291,CUS004,A0004,GBP,389.59,B9822,Bene11,BA011,BIC11,0,Legitimate
010425,122358,TXN292,CUS005,A0002,GBP,329.47,B6608,Bene2,BA002,BIC2,0,Legitimate
300425,155217,TXN293,CUS001,A0003,INR,185.08,B9092,Bene2,BA002,BIC2,0,Legitimate
310325,112110,TXN294,CUS005,A0001,USD,12728.67,NB573,NBene905,NBA487,BIC280,1,Business Email Compromise
310325,032418,TXN295,CUS004,A0004,USD,17738.45,NB232,NBene652,NBA241,BIC738,1,Business Email Compromise
020525,183234,TXN296,CUS005,A0005,GBP,248.77,B5663,Bene10,BA010,BIC10,0,Legitimate
240425,224722,TXN297,CUS004,A0005,AUD,340.31,B5458,Bene10,BA010,BIC10,0,Legitimate
160425,161859,TXN298,CUS002,A0005,USD,675.79,B6512,Bene10,BA010,BIC10,0,Legitimate
120425,094248,TXN299,CUS002,A0004,USD,103.74,B6073,Bene12,BA012,BIC12,0,Legitimate
010425,202150,TXN300,CUS002,A0003,GBP,202.93,B5779,Bene10,BA010,BIC10,0,Legitimate
010425,151809,TXN301,CUS001,A0004,USD,152.46,B8949,Bene12,BA012,BIC12,0,Legitimate
270425,014052,TXN302,CUS003,A0004,GBP,328.7,B9785,Bene1,BA001,BIC1,0,Legitimate
280525,073205,TXN303,CUS001,A0001,EUR,701.08,B9087,Bene3,BA003,BIC3,0,Legitimate
040525,080621,TXN304,CUS002,A0005,INR,391.27,B7395,Bene12,BA012,BIC12,0,Legitimate
070425,054956,TXN305,CUS001,A0005,GBP,567.53,B6343,Bene10,BA010,BIC10,0,Legitimate
230425,013250,TXN306,CUS002,A0005,USD,86.48,B9021,Bene11,BA011,BIC11,0,Legitimate
030525,170135,TXN307,CUS005,A0003,EUR,314.71,B7902,Bene1,BA001,BIC1,0,Legitimate
190425,173539,TXN308,CUS003,A0002,AUD,611.0,B5047,Bene3,BA003,BIC3,0,Legitimate
080525,094323,TXN309,CUS001,A0003,USD,238.59,B7972,Bene12,BA012,BIC12,0,Legitimate
070425,113123,TXN310,CUS001,A0005,GBP,661.37,B8001,Bene1,BA001,BIC1,0,Legitimate
140425,074216,TXN311,CUS002,A0002,EUR,306.23,B8531,Bene10,BA010,BIC10,0,Legitimate
020425,153707,TXN312,CUS003,A0003,INR,658.45,B7786,Bene11,BA011,BIC11,0,Legitimate
120525,183203,TXN313,CUS001,A0001,INR,335.61,B6136,Bene11,BA011,BIC11,0,Legitimate
070425,173059,TXN314,CUS005,A0003,GBP,465.03,B6733,Bene12,BA012,BIC12,0,Legitimate
100425,042552,TXN315,CUS002,A0003,EUR,297.74,B6640,Bene12,BA012,BIC12,0,Legitimate
110425,002114,TXN316,CUS005,A0001,USD,317.36,B8564,Bene1,BA001,BIC1,0,Legitimate
150525,222416,TXN317,CUS001,A0003,GBP,577.03,B6496,Bene11,BA011,BIC11,0,Legitimate
150525,130359,TXN318,CUS002,A0002,AUD,513.2,B6498,Bene1,BA001,BIC1,0,Legitimate
020425,212638,TXN319,CUS003,A0004,USD,167.34,B5941,Bene2,BA002,BIC2,0,Legitimate
120525,071607,TXN320,CUS002,A0003,EUR,251.08,B7760,Bene10,BA010,BIC10,0,Legitimate
030525,204050,TXN321,CUS005,A0002,INR,369.68,B5410,Bene2,BA002,BIC2,0,Legitimate
170525,092424,TXN322,CUS002,A0001,GBP,636.24,B7142,Bene11,BA011,BIC11,0,Legitimate
060525,203533,TXN323,CUS004,A0004,EUR,528.07,B5417,Bene1,BA001,BIC1,0,Legitimate
180525,104809,TXN324,CUS001,A0003,USD,104.97,B6567,Bene2,BA002,BIC2,0,Legitimate
120525,222735,TXN325,CUS003,A0001,EUR,304.16,B7745,Bene11,BA011,BIC11,0,Legitimate
310325,075400,TXN326,CUS002,A0005,GBP,576.11,B7531,Bene12,BA012,BIC12,0,Legitimate
240525,202838,TXN327,CUS003,A0003,GBP,434.56,B8435,Bene12,BA012,BIC12,0,Legitimate
100525,080252,TXN328,CUS001,A0005,EUR,63.4,B8000,Bene3,BA003,BIC3,0,Legitimate
200525,202445,TXN329,CUS004,A0001,EUR,212.31,B8070,Bene10,BA010,BIC10,0,Legitimate
160425,013453,TXN330,CUS004,A0004,INR,771.87,B7271,Bene10,BA010,BIC10,0,Legitimate
220425,155915,TXN331,CUS005,A0001,EUR,191.84,B7697,Bene3,BA003,BIC3,0,Legitimate
120425,115317,TXN332,CUS005,A0003,INR,532.56,B7407,Bene3,BA003,BIC3,0,Legitimate
160525,212926,TXN333,CUS005,A0001,EUR,130.15,B6273,Bene10,BA010,BIC10,0,Legitimate
160425,023709,TXN334,CUS001,A0005,GBP,788.94,B8869,Bene1,BA001,BIC1,0,Legitimate
220425,002741,TXN335,CUS004,A0001,USD,205.18,B9775,Bene1,BA001,BIC1,0,Legitimate
180425,030508,TXN336,CUS001,A0003,USD,604.28,B7005,Bene11,BA011,BIC11,0,Legitimate
290325,020939,TXN337,CUS002,A0005,INR,605.57,B7549,Bene12,BA012,BIC12,0,Legitimate
140425,120301,TXN338,CUS002,A0003,GBP,438.79,B8696,Bene2,BA002,BIC2,0,Legitimate
120525,202103,TXN339,CUS001,A0004,EUR,755.08,B8488,Bene3,BA003,BIC3,0,Legitimate
080525,080004,TXN340,CUS004,A0004,EUR,480.79,B5005,Bene1,BA001,BIC1,0,Legitimate
240425,133939,TXN341,CUS004,A0001,EUR,73.44,B7427,Bene10,BA010,BIC10,0,Legitimate
290325,100939,TXN342,CUS004,A0004,USD,976.47,B3852,Bene2,NBA901,BIC860,1,Fake Supplier / Vendor Fraud
210525,000808,TXN343,CUS001,A0004,EUR,323.03,B8539,Bene11,BA011,BIC11,0,Legitimate
260525,215519,TXN344,CUS002,A0002,USD,712.06,B5338,Bene11,BA011,BIC11,0,Legitimate
020425,095717,TXN345,CUS001,A0001,USD,588.31,B3714,Bene1,NBA634,BIC586,1,Fake Supplier / Vendor Fraud
080525,134339,TXN346,CUS003,A0004,USD,541.12,B8940,Bene1,BA001,BIC1,0,Legitimate
300425,120924,TXN347,CUS001,A0002,USD,363.99,B8924,Bene12,BA012,BIC12,0,Legitimate
210425,142201,TXN348,CUS002,A0002,USD,292.62,B7747,Bene2,BA002,BIC2,0,Legitimate
090425,185123,TXN349,CUS004,A0002,INR,646.39,B8637,Bene1,BA001,BIC1,0,Legitimate
230525,034418,TXN350,CUS002,A0003,AUD,414.87,B9292,Bene10,BA010,BIC10,0,Legitimate
210425,122851,TXN351,CUS004,A0002,AUD,345.74,B9791,Bene12,BA012,BIC12,0,Legitimate
130425,124642,TXN352,CUS003,A0005,AUD,441.7,B6747,Bene3,BA003,BIC3,0,Legitimate
090525,165839,TXN353,CUS002,A0002,EUR,286.68,B9305,Bene2,BA002,BIC2,0,Legitimate
080525,004158,TXN354,CUS004,A0004,EUR,654.96,B6239,Bene11,BA011,BIC11,0,Legitimate
310325,191329,TXN355,CUS003,A0003,USD,330.7,B4946,Bene1,NBA681,BIC280,1,Fake Supplier / Vendor Fraud
050425,023326,TXN356,CUS005,A0004,EUR,462.13,B6932,Bene1,BA001,BIC1,0,Legitimate
180525,150313,TXN357,CUS002,A0001,AUD,735.99,B7939,Bene12,BA012,BIC12,0,Legitimate
210525,143051,TXN358,CUS004,A0003,USD,755.48,B8511,Bene2,BA002,BIC2,0,Legitimate
220425,112305,TXN359,CUS005,A0004,AUD,701.74,B8748,Bene3,BA003,BIC3,0,Legitimate
170525,011739,TXN360,CUS002,A0004,INR,763.67,B9069,Bene3,BA003,BIC3,0,Legitimate
250425,141443,TXN361,CUS003,A0003,GBP,292.76,B7406,Bene12,BA012,BIC12,0,Legitimate
180425,011132,TXN362,CUS002,A0004,GBP,179.77,B8520,Bene10,BA010,BIC10,0,Legitimate
150425,065842,TXN363,CUS003,A0005,INR,567.9,B9442,Bene10,BA010,BIC10,0,Legitimate
110525,230049,TXN364,CUS002,A0003,AUD,157.69,B5204,Bene2,BA002,BIC2,0,Legitimate
010525,095005,TXN365,CUS005,A0005,GBP,290.71,B6235,Bene1,BA001,BIC1,0,Legitimate
150425,133015,TXN366,CUS004,A0002,EUR,397.99,B8352,Bene2,BA002,BIC2,0,Legitimate
280525,171845,TXN367,CUS001,A0005,GBP,254.16,B7683,Bene3,BA003,BIC3,0,Legitimate
090425,070645,TXN368,CUS002,A0002,INR,407.38,B5887,Bene3,BA003,BIC3,0,Legitimate
250525,031757,TXN369,CUS004,A0003,USD,292.09,B6176,Bene2,BA002,BIC2,0,Legitimate
120525,213232,TXN370,CUS004,A0005,USD,789.28,B9977,Bene10,BA010,BIC10,0,Legitimate
040525,041958,TXN371,CUS001,A0004,INR,647.16,B6244,Bene12,BA012,BIC12,0,Legitimate
070525,071449,TXN372,CUS004,A0002,AUD,588.29,B9982,Bene1,BA001,BIC1,0,Legitimate
290325,031225,TXN373,CUS003,A0001,USD,252.4,B3179,Bene2,NBA178,BIC126,1,Fake Supplier / Vendor Fraud
250525,214545,TXN374,CUS001,A0005,AUD,401.99,B6412,Bene1,BA001,BIC1,0,Legitimate
270425,014248,TXN375,CUS002,A0004,USD,52.68,B7597,Bene10,BA010,BIC10,0,Legitimate
130525,082730,TXN376,CUS002,A0003,EUR,766.54,B6438,Bene10,BA010,BIC10,0,Legitimate
300325,011855,TXN377,CUS005,A0003,GBP,666.58,B5676,Bene12,BA012,BIC12,0,Legitimate
020525,024022,TXN378,CUS002,A0004,EUR,314.66,B6403,Bene10,BA010,BIC10,0,Legitimate
300425,073105,TXN379,CUS005,A0004,USD,764.15,B8649,Bene2,BA002,BIC2,0,Legitimate
230525,124034,TXN380,CUS001,A0001,AUD,367.07,B8442,Bene1,BA001,BIC1,0,Legitimate
190425,031500,TXN381,CUS002,A0002,EUR,264.8,B8516,Bene11,BA011,BIC11,0,Legitimate
130425,131851,TXN382,CUS001,A0003,AUD,758.13,B7276,Bene2,BA002,BIC2,0,Legitimate
310325,082634,TXN383,CUS004,A0003,AUD,197.37,B7741,Bene3,BA003,BIC3,0,Legitimate
120425,044111,TXN384,CUS004,A0005,GBP,550.47,B6592,Bene12,BA012,BIC12,0,Legitimate
270525,202219,TXN385,CUS005,A0002,GBP,725.57,B5573,Bene11,BA011,BIC11,0,Legitimate
050425,231842,TXN386,CUS003,A0002,INR,305.31,B9543,Bene2,BA002,BIC2,0,Legitimate
220525,212634,TXN387,CUS002,A0005,GBP,71.32,B5592,Bene10,BA010,BIC10,0,Legitimate
010425,083940,TXN388,CUS004,A0003,USD,441.5,B4928,Bene1,NBA796,BIC349,1,Fake Supplier / Vendor Fraud
030425,151124,TXN389,CUS001,A0002,AUD,430.18,B8817,Bene1,BA001,BIC1,0,Legitimate
310325,130124,TXN390,CUS004,A0001,USD,966.47,B3013,Bene12,NBA484,BIC573,1,Fake Supplier / Vendor Fraud
230425,101225,TXN391,CUS001,A0004,GBP,692.57,B5158,Bene2,BA002,BIC2,0,Legitimate
150425,073555,TXN392,CUS003,A0001,INR,753.42,B9600,Bene11,BA011,BIC11,0,Legitimate
290325,042250,TXN393,CUS003,A0004,GBP,121.43,B7782,Bene11,BA011,BIC11,0,Legitimate
030425,184746,TXN394,CUS004,A0005,USD,22136.85,NB537,NBene710,NBA426,BIC948,1,Business Email Compromise
230525,213811,TXN395,CUS001,A0001,GBP,246.39,B9333,Bene11,BA011,BIC11,0,Legitimate
270425,222804,TXN396,CUS001,A0004,USD,137.48,B9207,Bene12,BA012,BIC12,0,Legitimate
220525,122539,TXN397,CUS001,A0005,GBP,772.66,B5229,Bene10,BA010,BIC10,0,Legitimate
200425,035421,TXN398,CUS003,A0004,USD,771.9,B6646,Bene1,BA001,BIC1,0,Legitimate
030525,092735,TXN399,CUS002,A0002,EUR,157.15,B7996,Bene1,BA001,BIC1,0,Legitimate
260525,190658,TXN400,CUS002,A0001,AUD,108.08,B7992,Bene10,BA010,BIC10,0,Legitimate
180525,083231,TXN401,CUS002,A0005,USD,165.35,B8612,Bene3,BA003,BIC3,0,Legitimate
080425,200324,TXN402,CUS001,A0002,AUD,307.46,B5791,Bene3,BA003,BIC3,0,Legitimate
270425,065320,TXN403,CUS004,A0005,USD,51.77,B5233,Bene12,BA012,BIC12,0,Legitimate
200425,122828,TXN404,CUS003,A0002,GBP,557.09,B8939,Bene2,BA002,BIC2,0,Legitimate
230525,200310,TXN405,CUS004,A0004,INR,306.7,B7440,Bene2,BA002,BIC2,0,Legitimate
140525,063732,TXN406,CUS001,A0001,GBP,174.79,B8339,Bene12,BA012,BIC12,0,Legitimate
020525,184131,TXN407,CUS002,A0003,EUR,122.69,B5097,Bene1,BA001,BIC1,0,Legitimate
020525,154611,TXN408,CUS003,A0001,GBP,546.84,B9633,Bene2,BA002,BIC2,0,Legitimate
170525,193954,TXN409,CUS002,A0005,USD,261.11,B9296,Bene12,BA012,BIC12,0,Legitimate
170425,222349,TXN410,CUS002,A0004,EUR,157.95,B6396,Bene3,BA003,BIC3,0,Legitimate
190525,161744,TXN411,CUS004,A0003,AUD,140.64,B7556,Bene12,BA012,BIC12,0,Legitimate
220525,145849,TXN412,CUS002,A0003,USD,792.26,B6368,Bene10,BA010,BIC10,0,Legitimate
010525,040922,TXN413,CUS003,A0002,AUD,252.37,B6672,Bene2,BA002,BIC2,0,Legitimate
150525,173422,TXN414,CUS001,A0001,GBP,558.76,B9569,Bene11,BA011,BIC11,0,Legitimate
220525,105720,TXN415,CUS003,A0005,EUR,562.12,B8991,Bene1,BA001,BIC1,0,Legitimate
260525,205914,TXN416,CUS003,A0002,GBP,365.4,B5137,Bene12,BA012,BIC12,0,Legitimate
200525,060546,TXN417,CUS003,A0002,USD,172.54,B7539,Bene1,BA001,BIC1,0,Legitimate
110425,235757,TXN418,CUS002,A0003,EUR,206.37,B5781,Bene1,BA001,BIC1,0,Legitimate
050525,151305,TXN419,CUS002,A0005,AUD,189.91,B8537,Bene10,BA010,BIC10,0,Legitimate
070525,125839,TXN420,CUS004,A0004,INR,129.93,B8921,Bene10,BA010,BIC10,0,Legitimate
210525,111136,TXN421,CUS003,A0001,USD,514.68,B7874,Bene2,BA002,BIC2,0,Legitimate
040425,073654,TXN422,CUS003,A0005,INR,377.15,B9933,Bene12,BA012,BIC12,0,Legitimate
240425,001934,TXN423,CUS005,A0002,EUR,667.24,B8597,Bene10,BA010,BIC10,0,Legitimate
090425,040517,TXN424,CUS003,A0002,EUR,120.27,B6685,Bene2,BA002,BIC2,0,Legitimate
070525,101525,TXN425,CUS003,A0004,USD,275.58,B5746,Bene11,BA011,BIC11,0,Legitimate
090525,025659,TXN426,CUS004,A0004,GBP,56.61,B6475,Bene1,BA001,BIC1,0,Legitimate
160425,181922,TXN427,CUS003,A0002,GBP,629.5,B7832,Bene12,BA012,BIC12,0,Legitimate
260525,202508,TXN428,CUS005,A0005,GBP,441.67,B5386,Bene2,BA002,BIC2,0,Legitimate
190525,042934,TXN429,CUS003,A0001,EUR,65.49,B6787,Bene10,BA010,BIC10,0,Legitimate
100425,093900,TXN430,CUS001,A0002,INR,317.22,B6667,Bene1,BA001,BIC1,0,Legitimate
040525,075034,TXN431,CUS003,A0002,INR,211.37,B8133,Bene11,BA011,BIC11,0,Legitimate
240525,151155,TXN432,CUS005,A0005,EUR,505.08,B7455,Bene1,BA001,BIC1,0,Legitimate
120525,194853,TXN433,CUS001,A0005,GBP,125.87,B6689,Bene2,BA002,BIC2,0,Legitimate
190525,094127,TXN434,CUS004,A0002,EUR,427.41,B9332,Bene1,BA001,BIC1,0,Legitimate
240525,201108,TXN435,CUS001,A0002,AUD,351.22,B5248,Bene12,BA012,BIC12,0,Legitimate
200425,124426,TXN436,CUS002,A0001,INR,326.86,B8095,Bene11,BA011,BIC11,0,Legitimate
130425,235114,TXN437,CUS003,A0002,EUR,756.86,B7382,Bene1,BA001,BIC1,0,Legitimate
290325,194511,TXN438,CUS001,A0002,USD,437.68,B4412,Bene1,NBA332,BIC369,1,Fake Supplier / Vendor Fraud
280525,053433,TXN439,CUS004,A0001,USD,481.11,B8448,Bene10,BA010,BIC10,0,Legitimate
170425,145414,TXN440,CUS002,A0002,GBP,325.38,B6233,Bene3,BA003,BIC3,0,Legitimate
180425,115217,TXN441,CUS004,A0002,USD,710.86,B5230,Bene3,BA003,BIC3,0,Legitimate
260525,163337,TXN442,CUS001,A0005,EUR,116.8,B8754,Bene3,BA003,BIC3,0,Legitimate
250525,012140,TXN443,CUS001,A0001,AUD,719.17,B9535,Bene2,BA002,BIC2,0,Legitimate
050525,073142,TXN444,CUS002,A0001,AUD,333.65,B7860,Bene3,BA003,BIC3,0,Legitimate
030525,233133,TXN445,CUS001,A0003,AUD,285.78,B5801,Bene10,BA010,BIC10,0,Legitimate
080425,134310,TXN446,CUS005,A0001,EUR,683.09,B5285,Bene3,BA003,BIC3,0,Legitimate
170425,015129,TXN447,CUS005,A0004,USD,212.6,B6960,Bene11,BA011,BIC11,0,Legitimate
290325,004618,TXN448,CUS001,A0003,USD,912.19,B4166,Bene10,NBA323,BIC515,1,Fake Supplier / Vendor Fraud
260525,120114,TXN449,CUS004,A0002,GBP,355.87,B9990,Bene3,BA003,BIC3,0,Legitimate
170525,160839,TXN450,CUS005,A0002,AUD,88.55,B5149,Bene3,BA003,BIC3,0,Legitimate
210525,231624,TXN451,CUS002,A0002,USD,209.78,B6651,Bene11,BA011,BIC11,0,Legitimate
300325,132727,TXN452,CUS001,A0002,GBP,434.86,B5024,Bene3,BA003,BIC3,0,Legitimate
160525,081420,TXN453,CUS004,A0003,AUD,730.49,B6843,Bene10,BA010,BIC10,0,Legitimate
160525,041953,TXN454,CUS005,A0001,INR,289.66,B9495,Bene10,BA010,BIC10,0,Legitimate
260525,004756,TXN455,CUS005,A0004,INR,791.51,B5995,Bene12,BA012,BIC12,0,Legitimate
140425,172951,TXN456,CUS004,A0001,GBP,548.85,B7772,Bene12,BA012,BIC12,0,Legitimate
130525,000047,TXN457,CUS004,A0003,GBP,72.16,B8001,Bene11,BA011,BIC11,0,Legitimate
100425,065219,TXN458,CUS004,A0004,AUD,256.77,B7607,Bene12,BA012,BIC12,0,Legitimate
110525,204136,TXN459,CUS004,A0001,INR,66.91,B8045,Bene12,BA012,BIC12,0,Legitimate
250425,091510,TXN460,CUS004,A0005,EUR,124.28,B8007,Bene1,BA001,BIC1,0,Legitimate
110425,080230,TXN461,CUS002,A0004,USD,95.04,B8833,Bene2,BA002,BIC2,0,Legitimate
020425,163826,TXN462,CUS002,A0002,USD,451.14,B6018,Bene3,BA003,BIC3,0,Legitimate
210525,174123,TXN463,CUS001,A0003,INR,213.93,B9697,Bene3,BA003,BIC3,0,Legitimate
040425,005109,TXN464,CUS005,A0001,GBP,467.37,B9976,Bene2,BA002,BIC2,0,Legitimate
290425,080257,TXN465,CUS003,A0003,AUD,289.57,B6621,Bene10,BA010,BIC10,0,Legitimate
230425,161325,TXN466,CUS004,A0005,INR,216.03,B7680,Bene11,BA011,BIC11,0,Legitimate
240525,002329,TXN467,CUS001,A0005,USD,667.85,B6562,Bene2,BA002,BIC2,0,Legitimate
310325,112347,TXN468,CUS005,A0003,AUD,246.27,B8247,Bene10,BA010,BIC10,0,Legitimate
100425,150646,TXN469,CUS004,A0005,INR,792.06,B5149,Bene2,BA002,BIC2,0,Legitimate
060525,084539,TXN470,CUS002,A0003,USD,396.96,B9499,Bene10,BA010,BIC10,0,Legitimate
280425,223607,TXN471,CUS002,A0003,USD,131.85,B8011,Bene12,BA012,BIC12,0,Legitimate
090425,111442,TXN472,CUS004,A0004,EUR,225.45,B8252,Bene2,BA002,BIC2,0,Legitimate
260525,101459,TXN473,CUS003,A0001,USD,548.4,B6665,Bene2,BA002,BIC2,0,Legitimate
240425,030726,TXN474,CUS002,A0001,GBP,411.53,B8584,Bene11,BA011,BIC11,0,Legitimate
170425,104205,TXN475,CUS005,A0004,USD,716.87,B9540,Bene12,BA012,BIC12,0,Legitimate
180425,003152,TXN476,CUS001,A0002,GBP,700.4,B8036,Bene3,BA003,BIC3,0,Legitimate
180425,031459,TXN477,CUS005,A0002,EUR,786.35,B6312,Bene3,BA003,BIC3,0,Legitimate
270525,100745,TXN478,CUS003,A0001,INR,406.96,B9227,Bene3,BA003,BIC3,0,Legitimate
290425,235734,TXN479,CUS004,A0004,INR,61.58,B6834,Bene3,BA003,BIC3,0,Legitimate
200525,171652,TXN480,CUS004,A0003,INR,721.06,B7335,Bene3,BA003,BIC3,0,Legitimate
210525,210439,TXN481,CUS004,A0002,EUR,274.45,B5002,Bene3,BA003,BIC3,0,Legitimate
130525,170428,TXN482,CUS005,A0005,EUR,231.84,B7659,Bene2,BA002,BIC2,0,Legitimate
300325,104342,TXN483,CUS001,A0003,GBP,450.07,B8394,Bene2,BA002,BIC2,0,Legitimate
310325,091741,TXN484,CUS005,A0001,USD,614.07,B5512,Bene1,BA001,BIC1,0,Legitimate
260425,224439,TXN485,CUS005,A0001,GBP,565.45,B8887,Bene11,BA011,BIC11,0,Legitimate
030525,002450,TXN486,CUS005,A0001,EUR,692.83,B6498,Bene12,BA012,BIC12,0,Legitimate
280525,191030,TXN487,CUS004,A0004,USD,695.03,B8515,Bene2,BA002,BIC2,0,Legitimate
130425,193157,TXN488,CUS003,A0004,GBP,495.58,B7067,Bene10,BA010,BIC10,0,Legitimate
140425,160350,TXN489,CUS004,A0003,INR,344.96,B7835,Bene11,BA011,BIC11,0,Legitimate
030525,120116,TXN490,CUS003,A0002,EUR,357.65,B5971,Bene1,BA001,BIC1,0,Legitimate
130525,063855,TXN491,CUS002,A0004,USD,763.55,B9871,Bene11,BA011,BIC11,0,Legitimate
130525,071047,TXN492,CUS003,A0003,GBP,268.07,B8831,Bene11,BA011,BIC11,0,Legitimate
120525,023706,TXN493,CUS003,A0004,EUR,419.39,B7432,Bene12,BA012,BIC12,0,Legitimate
070425,112248,TXN494,CUS003,A0001,GBP,84.4,B6251,Bene12,BA012,BIC12,0,Legitimate
160425,150517,TXN495,CUS005,A0002,GBP,335.52,B6238,Bene3,BA003,BIC3,0,Legitimate
210425,192239,TXN496,CUS001,A0004,EUR,307.04,B6665,Bene2,BA002,BIC2,0,Legitimate
180425,090728,TXN497,CUS004,A0003,INR,65.31,B6819,Bene1,BA001,BIC1,0,Legitimate
150525,172035,TXN498,CUS003,A0003,GBP,548.95,B5634,Bene11,BA011,BIC11,0,Legitimate
120525,031340,TXN499,CUS005,A0003,AUD,570.64,B7357,Bene3,BA003,BIC3,0,Legitimate
230525,040512,TXN500,CUS005,A0002,AUD,744.19,B9175,Bene12,BA012,BIC12,0,Legitimate
010425,021502,TXN501,CUS001,A0002,AUD,289.25,B6050,Bene1,BA001,BIC1,0,Legitimate
230425,174815,TXN502,CUS004,A0005,AUD,504.07,B6504,Bene2,BA002,BIC2,0,Legitimate
300325,212701,TXN503,CUS004,A0001,EUR,332.22,B9963,Bene1,BA001,BIC1,0,Legitimate
180525,021828,TXN504,CUS002,A0001,USD,765.46,B5631,Bene11,BA011,BIC11,0,Legitimate
150525,080448,TXN505,CUS002,A0005,EUR,380.29,B5021,Bene2,BA002,BIC2,0,Legitimate
120425,180038,TXN506,CUS003,A0004,USD,342.2,B5724,Bene2,BA002,BIC2,0,Legitimate
270425,074931,TXN507,CUS002,A0005,EUR,200.68,B9643,Bene10,BA010,BIC10,0,Legitimate
140525,171622,TXN508,CUS002,A0004,GBP,348.5,B6462,Bene3,BA003,BIC3,0,Legitimate
210425,012844,TXN509,CUS005,A0004,USD,788.9,B5721,Bene3,BA003,BIC3,0,Legitimate
120425,164749,TXN510,CUS001,A0003,EUR,205.14,B7531,Bene11,BA011,BIC11,0,Legitimate
210425,223558,TXN511,CUS003,A0004,USD,304.76,B7904,Bene11,BA011,BIC11,0,Legitimate
160425,050759,TXN512,CUS005,A0003,INR,241.12,B5809,Bene2,BA002,BIC2,0,Legitimate
250425,235807,TXN513,CUS005,A0003,INR,775.16,B6028,Bene11,BA011,BIC11,0,Legitimate
250525,070902,TXN514,CUS001,A0002,USD,336.25,B8453,Bene2,BA002,BIC2,0,Legitimate
210425,224404,TXN515,CUS005,A0003,AUD,390.0,B7432,Bene1,BA001,BIC1,0,Legitimate
150525,171222,TXN516,CUS001,A0005,INR,579.65,B7489,Bene2,BA002,BIC2,0,Legitimate
080425,144007,TXN517,CUS004,A0001,USD,116.98,B8906,Bene3,BA003,BIC3,0,Legitimate
010525,223301,TXN518,CUS002,A0004,AUD,550.51,B7292,Bene1,BA001,BIC1,0,Legitimate
250425,140537,TXN519,CUS002,A0005,GBP,484.71,B9442,Bene12,BA012,BIC12,0,Legitimate
240425,165613,TXN520,CUS003,A0003,USD,706.12,B6184,Bene10,BA010,BIC10,0,Legitimate
130525,190948,TXN521,CUS005,A0001,INR,355.41,B8044,Bene2,BA002,BIC2,0,Legitimate
190425,232709,TXN522,CUS002,A0001,USD,98.77,B9412,Bene2,BA002,BIC2,0,Legitimate
010425,134604,TXN523,CUS001,A0005,INR,104.3,B9342,Bene3,BA003,BIC3,0,Legitimate
220425,114513,TXN524,CUS003,A0004,USD,357.41,B5216,Bene11,BA011,BIC11,0,Legitimate
020525,205338,TXN525,CUS004,A0005,EUR,147.7,B7446,Bene11,BA011,BIC11,0,Legitimate
280425,120223,TXN526,CUS004,A0002,AUD,242.91,B9202,Bene12,BA012,BIC12,0,Legitimate
060525,212439,TXN527,CUS005,A0004,AUD,411.46,B5946,Bene10,BA010,BIC10,0,Legitimate
200525,212814,TXN528,CUS004,A0005,AUD,409.39,B5045,Bene1,BA001,BIC1,0,Legitimate
290325,231022,TXN529,CUS001,A0001,USD,19607.67,NB631,NBene714,NBA788,BIC391,1,Business Email Compromise
020525,064116,TXN530,CUS005,A0003,INR,380.32,B9904,Bene12,BA012,BIC12,0,Legitimate
010525,183459,TXN531,CUS003,A0002,AUD,425.46,B8860,Bene2,BA002,BIC2,0,Legitimate
140425,035444,TXN532,CUS002,A0005,EUR,236.41,B7201,Bene12,BA012,BIC12,0,Legitimate
220525,151044,TXN533,CUS002,A0003,INR,397.09,B9640,Bene11,BA011,BIC11,0,Legitimate
040525,082832,TXN534,CUS003,A0001,INR,341.87,B8071,Bene11,BA011,BIC11,0,Legitimate
100425,171213,TXN535,CUS001,A0002,AUD,788.79,B5491,Bene12,BA012,BIC12,0,Legitimate
150425,150658,TXN536,CUS003,A0003,GBP,233.23,B7835,Bene12,BA012,BIC12,0,Legitimate
010425,064955,TXN537,CUS003,A0003,GBP,518.83,B9665,Bene11,BA011,BIC11,0,Legitimate
300425,141511,TXN538,CUS005,A0001,GBP,503.39,B6251,Bene3,BA003,BIC3,0,Legitimate
070525,220237,TXN539,CUS002,A0001,USD,122.0,B8202,Bene10,BA010,BIC10,0,Legitimate
020525,104428,TXN540,CUS002,A0001,USD,567.75,B6282,Bene1,BA001,BIC1,0,Legitimate
220525,114339,TXN541,CUS001,A0001,INR,530.42,B7004,Bene2,BA002,BIC2,0,Legitimate
160425,041532,TXN542,CUS002,A0003,GBP,444.45,B6223,Bene10,BA010,BIC10,0,Legitimate
060525,013549,TXN543,CUS002,A0002,GBP,507.99,B6896,Bene3,BA003,BIC3,0,Legitimate
100425,051233,TXN544,CUS003,A0003,EUR,603.58,B5385,Bene10,BA010,BIC10,0,Legitimate
250525,093501,TXN545,CUS001,A0004,GBP,634.78,B7032,Bene2,BA002,BIC2,0,Legitimate
290325,181226,TXN546,CUS003,A0004,USD,10527.04,NB382,NBene759,NBA945,BIC388,1,Business Email Compromise
270525,183636,TXN547,CUS004,A0001,EUR,595.34,B9834,Bene12,BA012,BIC12,0,Legitimate
200425,011839,TXN548,CUS004,A0001,USD,231.12,B8152,Bene1,BA001,BIC1,0,Legitimate
260525,103729,TXN549,CUS002,A0003,EUR,350.01,B7896,Bene12,BA012,BIC12,0,Legitimate
230425,093252,TXN550,CUS004,A0003,EUR,436.82,B8448,Bene3,BA003,BIC3,0,Legitimate
220425,121352,TXN551,CUS003,A0001,GBP,633.34,B5813,Bene2,BA002,BIC2,0,Legitimate
220425,122949,TXN552,CUS002,A0003,GBP,561.42,B6364,Bene2,BA002,BIC2,0,Legitimate
270525,020503,TXN553,CUS005,A0005,INR,445.4,B8099,Bene2,BA002,BIC2,0,Legitimate
110425,185525,TXN554,CUS005,A0005,USD,555.44,B9819,Bene12,BA012,BIC12,0,Legitimate
210425,233853,TXN555,CUS004,A0005,USD,185.64,B9828,Bene1,BA001,BIC1,0,Legitimate
050525,113424,TXN556,CUS004,A0005,INR,102.07,B7216,Bene2,BA002,BIC2,0,Legitimate
220525,232151,TXN557,CUS003,A0001,USD,518.93,B9351,Bene11,BA011,BIC11,0,Legitimate
080425,102007,TXN558,CUS002,A0005,USD,457.33,B5687,Bene10,BA010,BIC10,0,Legitimate
270525,042112,TXN559,CUS003,A0004,INR,489.68,B7322,Bene12,BA012,BIC12,0,Legitimate
180525,170736,TXN560,CUS001,A0003,AUD,98.83,B9088,Bene10,BA010,BIC10,0,Legitimate
140425,123710,TXN561,CUS002,A0001,EUR,468.22,B8534,Bene2,BA002,BIC2,0,Legitimate
020525,132516,TXN562,CUS002,A0003,GBP,774.3,B9843,Bene12,BA012,BIC12,0,Legitimate
110525,142828,TXN563,CUS005,A0001,GBP,437.52,B9622,Bene12,BA012,BIC12,0,Legitimate
100425,004601,TXN564,CUS002,A0003,INR,658.12,B5296,Bene1,BA001,BIC1,0,Legitimate
030425,031216,TXN565,CUS003,A0003,INR,168.25,B7073,Bene3,BA003,BIC3,0,Legitimate
190425,210752,TXN566,CUS004,A0003,EUR,550.28,B9961,Bene2,BA002,BIC2,0,Legitimate
210425,092906,TXN567,CUS001,A0004,AUD,632.47,B6054,Bene2,BA002,BIC2,0,Legitimate
250425,202301,TXN568,CUS004,A0003,GBP,504.38,B6939,Bene2,BA002,BIC2,0,Legitimate
170425,193611,TXN569,CUS002,A0005,INR,306.13,B7895,Bene11,BA011,BIC11,0,Legitimate
170525,072949,TXN570,CUS003,A0004,EUR,214.54,B8280,Bene3,BA003,BIC3,0,Legitimate
290325,090120,TXN571,CUS004,A0001,INR,584.11,B9218,Bene1,BA001,BIC1,0,Legitimate
130525,203926,TXN572,CUS001,A0005,AUD,794.55,B8520,Bene2,BA002,BIC2,0,Legitimate
220525,184937,TXN573,CUS002,A0003,USD,225.07,B5953,Bene1,BA001,BIC1,0,Legitimate
300425,213815,TXN574,CUS004,A0003,GBP,84.95,B9068,Bene10,BA010,BIC10,0,Legitimate
250425,051352,TXN575,CUS003,A0004,AUD,154.8,B8125,Bene10,BA010,BIC10,0,Legitimate
180425,085954,TXN576,CUS005,A0004,AUD,369.78,B7357,Bene3,BA003,BIC3,0,Legitimate
210425,174740,TXN577,CUS005,A0005,EUR,476.48,B9963,Bene1,BA001,BIC1,0,Legitimate
070525,141030,TXN578,CUS001,A0001,EUR,742.55,B8991,Bene3,BA003,BIC3,0,Legitimate
030425,034958,TXN579,CUS005,A0003,USD,14702.42,NB330,NBene533,NBA613,BIC416,1,Business Email Compromise
280525,000005,TXN580,CUS002,A0005,AUD,725.74,B9651,Bene10,BA010,BIC10,0,Legitimate
220425,123726,TXN581,CUS004,A0005,GBP,539.69,B8362,Bene2,BA002,BIC2,0,Legitimate
160425,174052,TXN582,CUS003,A0004,AUD,688.44,B8244,Bene3,BA003,BIC3,0,Legitimate
100525,212616,TXN583,CUS005,A0001,USD,755.54,B8943,Bene11,BA011,BIC11,0,Legitimate
130425,075417,TXN584,CUS004,A0002,INR,684.73,B7168,Bene12,BA012,BIC12,0,Legitimate
300425,023231,TXN585,CUS005,A0002,INR,778.01,B7529,Bene10,BA010,BIC10,0,Legitimate
090525,114751,TXN586,CUS005,A0004,AUD,107.51,B9208,Bene12,BA012,BIC12,0,Legitimate
280425,041252,TXN587,CUS005,A0004,AUD,657.73,B6414,Bene3,BA003,BIC3,0,Legitimate
020525,101236,TXN588,CUS001,A0001,USD,521.65,B7207,Bene2,BA002,BIC2,0,Legitimate
180425,143928,TXN589,CUS002,A0004,GBP,89.1,B6892,Bene12,BA012,BIC12,0,Legitimate
150425,153725,TXN590,CUS003,A0005,AUD,552.1,B5998,Bene2,BA002,BIC2,0,Legitimate
160525,125311,TXN591,CUS005,A0002,GBP,538.68,B5453,Bene2,BA002,BIC2,0,Legitimate
290325,030027,TXN592,CUS005,A0005,USD,10720.63,NB336,NBene516,NBA111,BIC480,1,Business Email Compromise
060525,024015,TXN593,CUS004,A0004,EUR,291.05,B9230,Bene2,BA002,BIC2,0,Legitimate
180525,032554,TXN594,CUS003,A0005,EUR,408.05,B8801,Bene11,BA011,BIC11,0,Legitimate
080425,101939,TXN595,CUS005,A0005,USD,83.62,B8680,Bene10,BA010,BIC10,0,Legitimate
020425,101318,TXN596,CUS005,A0002,GBP,446.88,B5937,Bene12,BA012,BIC12,0,Legitimate
020425,085957,TXN597,CUS004,A0004,EUR,318.84,B8711,Bene3,BA003,BIC3,0,Legitimate
260425,043552,TXN598,CUS003,A0004,INR,566.91,B8971,Bene11,BA011,BIC11,0,Legitimate
170525,041044,TXN599,CUS005,A0004,EUR,352.52,B7387,Bene3,BA003,BIC3,0,Legitimate
060525,225635,TXN600,CUS003,A0003,GBP,289.51,B5457,Bene1,BA001,BIC1,0,Legitimate
100525,184935,TXN601,CUS002,A0002,GBP,281.6,B7910,Bene3,BA003,BIC3,0,Legitimate
150425,202300,TXN602,CUS003,A0004,EUR,681.64,B8462,Bene1,BA001,BIC1,0,Legitimate
040525,230550,TXN603,CUS001,A0001,INR,341.07,B9165,Bene12,BA012,BIC12,0,Legitimate
100425,045030,TXN604,CUS001,A0003,AUD,166.37,B9316,Bene11,BA011,BIC11,0,Legitimate
150425,201941,TXN605,CUS003,A0001,INR,78.24,B8968,Bene2,BA002,BIC2,0,Legitimate
290325,000503,TXN606,CUS004,A0004,USD,580.23,B7218,Bene3,BA003,BIC3,0,Legitimate
110425,234021,TXN607,CUS002,A0004,EUR,502.89,B6294,Bene3,BA003,BIC3,0,Legitimate
030425,193316,TXN608,CUS005,A0003,AUD,578.96,B9134,Bene12,BA012,BIC12,0,Legitimate
030425,074424,TXN609,CUS001,A0005,USD,469.59,B4092,Bene12,NBA979,BIC805,1,Fake Supplier / Vendor Fraud
240525,142726,TXN610,CUS005,A0002,USD,271.74,B6895,Bene12,BA012,BIC12,0,Legitimate
180425,060329,TXN611,CUS001,A0004,GBP,286.92,B6174,Bene12,BA012,BIC12,0,Legitimate
090425,182114,TXN612,CUS001,A0005,EUR,140.72,B7000,Bene12,BA012,BIC12,0,Legitimate
290425,174949,TXN613,CUS003,A0003,GBP,379.46,B5152,Bene10,BA010,BIC10,0,Legitimate
040525,094816,TXN614,CUS003,A0005,INR,66.64,B6118,Bene11,BA011,BIC11,0,Legitimate
240525,000726,TXN615,CUS001,A0004,EUR,706.04,B8785,Bene12,BA012,BIC12,0,Legitimate
280425,190307,TXN616,CUS001,A0005,USD,754.07,B5637,Bene1,BA001,BIC1,0,Legitimate
280425,002550,TXN617,CUS003,A0003,USD,496.14,B5942,Bene2,BA002,BIC2,0,Legitimate
160425,233941,TXN618,CUS003,A0004,INR,51.9,B6909,Bene12,BA012,BIC12,0,Legitimate
110425,115119,TXN619,CUS002,A0003,EUR,94.86,B8595,Bene1,BA001,BIC1,0,Legitimate
030425,165807,TXN620,CUS001,A0004,USD,7376.5,NB285,NBene570,NBA835,BIC729,1,Business Email Compromise
310325,114330,TXN621,CUS004,A0001,USD,699.51,B8232,Bene1,BA001,BIC1,0,Legitimate
220525,153644,TXN622,CUS004,A0005,EUR,425.85,B7387,Bene10,BA010,BIC10,0,Legitimate
080525,225753,TXN623,CUS005,A0004,GBP,785.2,B6903,Bene2,BA002,BIC2,0,Legitimate
280525,043651,TXN624,CUS001,A0003,AUD,62.44,B7442,Bene11,BA011,BIC11,0,Legitimate
160425,075459,TXN625,CUS003,A0002,AUD,664.77,B8268,Bene3,BA003,BIC3,0,Legitimate
110525,185452,TXN626,CUS001,A0002,USD,543.72,B5549,Bene1,BA001,BIC1,0,Legitimate
030425,083616,TXN627,CUS002,A0001,AUD,484.32,B8433,Bene11,BA011,BIC11,0,Legitimate
290325,084611,TXN628,CUS005,A0005,USD,14076.46,NB725,NBene463,NBA611,BIC660,1,Business Email Compromise
020425,002902,TXN629,CUS003,A0001,EUR,57.65,B5400,Bene1,BA001,BIC1,0,Legitimate
260425,023856,TXN630,CUS003,A0002,INR,264.06,B9235,Bene2,BA002,BIC2,0,Legitimate
250525,050442,TXN631,CUS002,A0004,INR,201.0,B5676,Bene3,BA003,BIC3,0,Legitimate
220525,165514,TXN632,CUS005,A0001,USD,729.55,B5387,Bene10,BA010,BIC10,0,Legitimate
150425,101542,TXN633,CUS003,A0003,EUR,717.24,B7239,Bene3,BA003,BIC3,0,Legitimate
220525,075124,TXN634,CUS002,A0002,AUD,97.14,B8590,Bene10,BA010,BIC10,0,Legitimate
010425,172253,TXN635,CUS002,A0004,USD,299.85,B3725,Bene1,NBA614,BIC861,1,Fake Supplier / Vendor Fraud
310325,085309,TXN636,CUS002,A0001,EUR,763.81,B8663,Bene10,BA010,BIC10,0,Legitimate
250425,085831,TXN637,CUS002,A0002,EUR,787.78,B6595,Bene3,BA003,BIC3,0,Legitimate
220525,105724,TXN638,CUS002,A0005,AUD,700.86,B6402,Bene10,BA010,BIC10,0,Legitimate
280525,094911,TXN639,CUS002,A0003,USD,363.49,B7572,Bene11,BA011,BIC11,0,Legitimate
180425,024349,TXN640,CUS004,A0004,EUR,244.63,B7941,Bene2,BA002,BIC2,0,Legitimate
010425,085106,TXN641,CUS005,A0002,INR,293.15,B5194,Bene11,BA011,BIC11,0,Legitimate
240425,114540,TXN642,CUS002,A0003,EUR,573.54,B6967,Bene10,BA010,BIC10,0,Legitimate
100425,090445,TXN643,CUS005,A0005,GBP,344.74,B9115,Bene10,BA010,BIC10,0,Legitimate
080525,232552,TXN644,CUS005,A0001,EUR,120.47,B8839,Bene12,BA012,BIC12,0,Legitimate
280525,215308,TXN645,CUS004,A0003,GBP,137.22,B5042,Bene3,BA003,BIC3,0,Legitimate
140525,090622,TXN646,CUS001,A0002,USD,162.56,B9344,Bene12,BA012,BIC12,0,Legitimate
020425,073527,TXN647,CUS005,A0001,USD,13138.2,NB979,NBene295,NBA974,BIC275,1,Business Email Compromise
240525,065759,TXN648,CUS001,A0001,EUR,125.33,B9541,Bene12,BA012,BIC12,0,Legitimate
070425,063314,TXN649,CUS002,A0001,AUD,555.6,B9198,Bene1,BA001,BIC1,0,Legitimate
230525,191139,TXN650,CUS002,A0001,EUR,64.78,B5591,Bene11,BA011,BIC11,0,Legitimate
220425,233649,TXN651,CUS002,A0005,GBP,191.28,B8818,Bene3,BA003,BIC3,0,Legitimate
060425,025049,TXN652,CUS004,A0005,AUD,61.45,B7394,Bene10,BA010,BIC10,0,Legitimate
120525,114443,TXN653,CUS004,A0002,EUR,654.91,B8824,Bene12,BA012,BIC12,0,Legitimate
030525,113157,TXN654,CUS004,A0003,GBP,768.86,B6296,Bene2,BA002,BIC2,0,Legitimate
020425,211844,TXN655,CUS003,A0004,EUR,561.82,B9083,Bene11,BA011,BIC11,0,Legitimate
300425,032321,TXN656,CUS005,A0004,INR,556.64,B5648,Bene2,BA002,BIC2,0,Legitimate
130425,215013,TXN657,CUS001,A0001,INR,443.01,B5744,Bene11,BA011,BIC11,0,Legitimate
300425,102348,TXN658,CUS003,A0001,EUR,630.24,B5185,Bene12,BA012,BIC12,0,Legitimate
290325,235555,TXN659,CUS005,A0001,USD,788.75,B4221,Bene1,NBA450,BIC997,1,Fake Supplier / Vendor Fraud
040425,200846,TXN660,CUS004,A0003,INR,342.63,B8638,Bene11,BA011,BIC11,0,Legitimate
270525,002911,TXN661,CUS004,A0003,INR,762.46,B8348,Bene3,BA003,BIC3,0,Legitimate
100525,015356,TXN662,CUS003,A0001,EUR,751.6,B5002,Bene12,BA012,BIC12,0,Legitimate
180425,195606,TXN663,CUS005,A0005,INR,63.92,B6446,Bene1,BA001,BIC1,0,Legitimate
140425,114448,TXN664,CUS002,A0001,USD,381.7,B6864,Bene2,BA002,BIC2,0,Legitimate
140525,153648,TXN665,CUS001,A0001,AUD,673.4,B8102,Bene3,BA003,BIC3,0,Legitimate
260425,054444,TXN666,CUS002,A0001,EUR,209.84,B5880,Bene11,BA011,BIC11,0,Legitimate
060425,061646,TXN667,CUS004,A0004,USD,99.68,B7839,Bene3,BA003,BIC3,0,Legitimate
270525,095012,TXN668,CUS005,A0005,AUD,308.25,B9783,Bene12,BA012,BIC12,0,Legitimate
130525,061646,TXN669,CUS004,A0002,INR,492.6,B6411,Bene12,BA012,BIC12,0,Legitimate
050425,081401,TXN670,CUS003,A0004,AUD,77.39,B7354,Bene11,BA011,BIC11,0,Legitimate
190425,060045,TXN671,CUS004,A0002,AUD,708.17,B9954,Bene10,BA010,BIC10,0,Legitimate
170525,094608,TXN672,CUS003,A0005,INR,433.19,B9845,Bene12,BA012,BIC12,0,Legitimate
300325,001106,TXN673,CUS001,A0003,GBP,336.43,B7441,Bene11,BA011,BIC11,0,Legitimate
130525,021811,TXN674,CUS004,A0005,GBP,304.89,B6539,Bene3,BA003,BIC3,0,Legitimate
050525,160433,TXN675,CUS002,A0003,AUD,406.49,B7362,Bene11,BA011,BIC11,0,Legitimate
310325,145459,TXN676,CUS002,A0005,GBP,223.35,B8918,Bene3,BA003,BIC3,0,Legitimate
240525,003558,TXN677,CUS003,A0002,EUR,195.74,B7601,Bene11,BA011,BIC11,0,Legitimate
070425,114330,TXN678,CUS004,A0002,GBP,217.89,B9164,Bene11,BA011,BIC11,0,Legitimate
290325,125009,TXN679,CUS005,A0005,USD,487.07,B9412,Bene12,BA012,BIC12,0,Legitimate
240425,223943,TXN680,CUS003,A0003,INR,236.76,B6079,Bene2,BA002,BIC2,0,Legitimate
300425,161118,TXN681,CUS004,A0003,EUR,624.76,B8909,Bene3,BA003,BIC3,0,Legitimate
240525,223459,TXN682,CUS002,A0004,GBP,222.7,B5580,Bene3,BA003,BIC3,0,Legitimate
280425,162258,TXN683,CUS005,A0001,GBP,688.24,B8401,Bene3,BA003,BIC3,0,Legitimate
080425,233246,TXN684,CUS004,A0004,INR,146.55,B5129,Bene3,BA003,BIC3,0,Legitimate
150525,012338,TXN685,CUS005,A0003,GBP,101.37,B8215,Bene12,BA012,BIC12,0,Legitimate
120525,182639,TXN686,CUS003,A0003,GBP,695.88,B5666,Bene10,BA010,BIC10,0,Legitimate
250425,103239,TXN687,CUS004,A0002,INR,508.48,B5975,Bene3,BA003,BIC3,0,Legitimate
030425,153059,TXN688,CUS004,A0004,USD,24243.04,NB473,NBene505,NBA434,BIC153,1,Business Email Compromise
120425,205333,TXN689,CUS001,A0001,GBP,463.95,B7267,Bene12,BA012,BIC12,0,Legitimate
230425,103752,TXN690,CUS004,A0005,AUD,787.65,B7189,Bene10,BA010,BIC10,0,Legitimate
170425,165509,TXN691,CUS005,A0004,USD,100.64,B9909,Bene1,BA001,BIC1,0,Legitimate
070425,130526,TXN692,CUS005,A0003,EUR,779.07,B5577,Bene11,BA011,BIC11,0,Legitimate
020425,053329,TXN693,CUS002,A0004,GBP,358.68,B7626,Bene3,BA003,BIC3,0,Legitimate
180425,211420,TXN694,CUS001,A0002,USD,370.08,B5817,Bene3,BA003,BIC3,0,Legitimate
140425,061216,TXN695,CUS001,A0003,INR,381.1,B7947,Bene3,BA003,BIC3,0,Legitimate
080425,214825,TXN696,CUS001,A0003,GBP,105.76,B5194,Bene12,BA012,BIC12,0,Legitimate
030425,225641,TXN697,CUS005,A0003,INR,219.22,B9486,Bene3,BA003,BIC3,0,Legitimate
010525,021752,TXN698,CUS001,A0004,GBP,602.86,B6944,Bene2,BA002,BIC2,0,Legitimate
300425,111245,TXN699,CUS005,A0004,INR,215.57,B9770,Bene11,BA011,BIC11,0,Legitimate
030525,040704,TXN700,CUS001,A0001,GBP,734.81,B7202,Bene12,BA012,BIC12,0,Legitimate
170425,082006,TXN701,CUS002,A0005,USD,596.76,B9878,Bene11,BA011,BIC11,0,Legitimate
170525,001238,TXN702,CUS001,A0002,EUR,392.86,B8992,Bene11,BA011,BIC11,0,Legitimate
060525,225943,TXN703,CUS002,A0004,USD,634.87,B9968,Bene11,BA011,BIC11,0,Legitimate
190425,180711,TXN704,CUS003,A0005,AUD,430.9,B6923,Bene1,BA001,BIC1,0,Legitimate
310325,142004,TXN705,CUS004,A0001,USD,63.54,B9394,Bene12,BA012,BIC12,0,Legitimate
030425,144303,TXN706,CUS005,A0005,AUD,387.67,B5758,Bene2,BA002,BIC2,0,Legitimate
180525,190530,TXN707,CUS001,A0001,USD,269.58,B5260,Bene12,BA012,BIC12,0,Legitimate
230525,053257,TXN708,CUS005,A0002,GBP,475.17,B5130,Bene11,BA011,BIC11,0,Legitimate
010525,132705,TXN709,CUS005,A0001,INR,412.97,B8750,Bene1,BA001,BIC1,0,Legitimate
050525,201845,TXN710,CUS002,A0003,EUR,181.86,B9430,Bene12,BA012,BIC12,0,Legitimate
300325,170848,TXN711,CUS002,A0004,USD,678.03,B3733,Bene12,NBA505,BIC827,1,Fake Supplier / Vendor Fraud
010425,211423,TXN712,CUS004,A0003,USD,400.25,B4082,Bene11,NBA770,BIC667,1,Fake Supplier / Vendor Fraud
310325,223705,TXN713,CUS003,A0003,EUR,679.37,B9293,Bene10,BA010,BIC10,0,Legitimate
200525,025846,TXN714,CUS002,A0001,EUR,539.79,B6634,Bene3,BA003,BIC3,0,Legitimate
200525,123110,TXN715,CUS001,A0002,GBP,409.66,B8568,Bene2,BA002,BIC2,0,Legitimate
030425,172433,TXN716,CUS001,A0004,USD,713.63,B3155,Bene3,NBA285,BIC484,1,Fake Supplier / Vendor Fraud
210525,161917,TXN717,CUS003,A0003,INR,125.6,B7797,Bene11,BA011,BIC11,0,Legitimate
170525,083457,TXN718,CUS005,A0003,GBP,486.76,B5242,Bene1,BA001,BIC1,0,Legitimate
010425,183304,TXN719,CUS003,A0002,USD,307.41,B4528,Bene2,NBA588,BIC611,1,Fake Supplier / Vendor Fraud
010425,153244,TXN720,CUS004,A0004,USD,19963.36,NB556,NBene573,NBA815,BIC377,1,Business Email Compromise
230425,053926,TXN721,CUS005,A0002,USD,533.16,B5895,Bene1,BA001,BIC1,0,Legitimate
160425,113807,TXN722,CUS003,A0002,USD,556.79,B9877,Bene1,BA001,BIC1,0,Legitimate
060425,113148,TXN723,CUS004,A0005,AUD,408.4,B9606,Bene3,BA003,BIC3,0,Legitimate
010525,203042,TXN724,CUS001,A0002,GBP,156.84,B8094,Bene10,BA010,BIC10,0,Legitimate
290325,094918,TXN725,CUS003,A0002,USD,22970.48,NB422,NBene589,NBA602,BIC938,1,Business Email Compromise
080525,021449,TXN726,CUS005,A0002,GBP,520.52,B7423,Bene10,BA010,BIC10,0,Legitimate
260525,123154,TXN727,CUS005,A0002,EUR,776.24,B8994,Bene1,BA001,BIC1,0,Legitimate
310325,095602,TXN728,CUS003,A0001,USD,574.22,B3631,Bene3,NBA279,BIC562,1,Fake Supplier / Vendor Fraud
290325,105133,TXN729,CUS003,A0003,GBP,87.54,B6024,Bene3,BA003,BIC3,0,Legitimate
300325,090239,TXN730,CUS001,A0004,INR,627.47,B7765,Bene10,BA010,BIC10,0,Legitimate
080425,235419,TXN731,CUS003,A0004,USD,205.4,B8192,Bene3,BA003,BIC3,0,Legitimate
260425,113112,TXN732,CUS001,A0002,EUR,563.84,B8489,Bene10,BA010,BIC10,0,Legitimate
190525,182200,TXN733,CUS005,A0003,USD,534.44,B7813,Bene11,BA011,BIC11,0,Legitimate
010525,163224,TXN734,CUS001,A0004,EUR,663.24,B9413,Bene10,BA010,BIC10,0,Legitimate
230425,210205,TXN735,CUS002,A0005,EUR,792.41,B5449,Bene12,BA012,BIC12,0,Legitimate
240425,202835,TXN736,CUS001,A0005,GBP,729.38,B5484,Bene2,BA002,BIC2,0,Legitimate
240425,164355,TXN737,CUS003,A0002,AUD,570.13,B8534,Bene2,BA002,BIC2,0,Legitimate
220425,182617,TXN738,CUS004,A0001,GBP,599.76,B6481,Bene1,BA001,BIC1,0,Legitimate
120525,003121,TXN739,CUS002,A0003,INR,147.02,B7572,Bene11,BA011,BIC11,0,Legitimate
280425,140502,TXN740,CUS002,A0001,GBP,357.87,B6909,Bene11,BA011,BIC11,0,Legitimate
130425,161013,TXN741,CUS005,A0001,EUR,740.83,B8945,Bene2,BA002,BIC2,0,Legitimate
310325,022639,TXN742,CUS003,A0004,INR,113.19,B6438,Bene11,BA011,BIC11,0,Legitimate
100425,232057,TXN743,CUS001,A0003,GBP,341.81,B6929,Bene11,BA011,BIC11,0,Legitimate
120525,145853,TXN744,CUS005,A0002,USD,709.94,B6679,Bene1,BA001,BIC1,0,Legitimate
140525,014323,TXN745,CUS001,A0003,USD,684.54,B7279,Bene11,BA011,BIC11,0,Legitimate
210525,212408,TXN746,CUS004,A0005,INR,109.71,B7760,Bene2,BA002,BIC2,0,Legitimate
120525,001223,TXN747,CUS002,A0003,AUD,496.32,B7149,Bene1,BA001,BIC1,0,Legitimate
300325,010833,TXN748,CUS002,A0002,USD,16948.94,NB686,NBene101,NBA259,BIC713,1,Business Email Compromise
210525,125536,TXN749,CUS001,A0004,EUR,445.18,B7370,Bene1,BA001,BIC1,0,Legitimate
010425,192031,TXN750,CUS002,A0003,USD,705.18,B6149,Bene11,BA011,BIC11,0,Legitimate
220525,054958,TXN751,CUS002,A0002,AUD,476.79,B5988,Bene1,BA001,BIC1,0,Legitimate
030525,060904,TXN752,CUS003,A0005,GBP,712.03,B7159,Bene11,BA011,BIC11,0,Legitimate
060425,102719,TXN753,CUS005,A0003,USD,621.83,B6138,Bene2,BA002,BIC2,0,Legitimate
010425,124150,TXN754,CUS003,A0002,USD,24564.93,NB963,NBene551,NBA323,BIC424,1,Business Email Compromise
010525,101401,TXN755,CUS002,A0004,GBP,688.13,B8955,Bene3,BA003,BIC3,0,Legitimate
060425,142239,TXN756,CUS004,A0003,INR,336.28,B6121,Bene2,BA002,BIC2,0,Legitimate
020425,173709,TXN757,CUS003,A0004,USD,981.87,B3182,Bene1,NBA883,BIC680,1,Fake Supplier / Vendor Fraud
040525,173957,TXN758,CUS004,A0005,EUR,549.96,B8875,Bene12,BA012,BIC12,0,Legitimate
080525,070752,TXN759,CUS004,A0001,AUD,673.57,B7211,Bene10,BA010,BIC10,0,Legitimate
170425,050848,TXN760,CUS002,A0001,EUR,53.03,B5550,Bene1,BA001,BIC1,0,Legitimate
070425,103910,TXN761,CUS004,A0002,GBP,313.3,B5803,Bene11,BA011,BIC11,0,Legitimate
290325,035742,TXN762,CUS005,A0002,USD,15613.06,NB605,NBene431,NBA714,BIC804,1,Business Email Compromise
050425,083337,TXN763,CUS004,A0004,GBP,787.36,B7767,Bene12,BA012,BIC12,0,Legitimate
030525,092817,TXN764,CUS002,A0003,USD,334.74,B6462,Bene3,BA003,BIC3,0,Legitimate
170525,024034,TXN765,CUS005,A0003,AUD,254.77,B6262,Bene1,BA001,BIC1,0,Legitimate
150525,011333,TXN766,CUS005,A0001,EUR,588.85,B5143,Bene1,BA001,BIC1,0,Legitimate
090425,004642,TXN767,CUS004,A0003,INR,349.42,B7013,Bene1,BA001,BIC1,0,Legitimate
030525,233710,TXN768,CUS001,A0003,USD,111.39,B5910,Bene2,BA002,BIC2,0,Legitimate
040425,113207,TXN769,CUS003,A0005,EUR,611.12,B7880,Bene3,BA003,BIC3,0,Legitimate
310325,172213,TXN770,CUS004,A0001,USD,926.86,B4121,Bene10,NBA310,BIC158,1,Fake Supplier / Vendor Fraud
140525,100619,TXN771,CUS003,A0003,GBP,794.61,B8505,Bene1,BA001,BIC1,0,Legitimate
280525,165549,TXN772,CUS003,A0005,AUD,379.34,B8312,Bene11,BA011,BIC11,0,Legitimate
250425,024436,TXN773,CUS002,A0004,EUR,113.94,B7038,Bene1,BA001,BIC1,0,Legitimate
100525,035554,TXN774,CUS003,A0005,EUR,396.69,B7874,Bene3,BA003,BIC3,0,Legitimate
010425,213632,TXN775,CUS001,A0004,USD,60.15,B7503,Bene1,BA001,BIC1,0,Legitimate
050425,113954,TXN776,CUS004,A0004,AUD,88.8,B9107,Bene10,BA010,BIC10,0,Legitimate
070425,211405,TXN777,CUS003,A0004,INR,165.01,B5957,Bene11,BA011,BIC11,0,Legitimate
140425,053048,TXN778,CUS001,A0005,INR,325.92,B6539,Bene11,BA011,BIC11,0,Legitimate
090425,070543,TXN779,CUS001,A0004,GBP,695.03,B5830,Bene3,BA003,BIC3,0,Legitimate
080425,194828,TXN780,CUS002,A0003,AUD,386.56,B9442,Bene10,BA010,BIC10,0,Legitimate
050425,142347,TXN781,CUS003,A0001,GBP,169.75,B6981,Bene11,BA011,BIC11,0,Legitimate
270525,092117,TXN782,CUS004,A0004,AUD,452.41,B8518,Bene12,BA012,BIC12,0,Legitimate
200525,234006,TXN783,CUS004,A0004,AUD,476.92,B6022,Bene3,BA003,BIC3,0,Legitimate
180425,170652,TXN784,CUS002,A0003,GBP,129.29,B5978,Bene3,BA003,BIC3,0,Legitimate
190525,023623,TXN785,CUS003,A0003,USD,175.63,B7787,Bene3,BA003,BIC3,0,Legitimate
280425,103146,TXN786,CUS003,A0005,AUD,575.18,B6348,Bene10,BA010,BIC10,0,Legitimate
190425,035641,TXN787,CUS005,A0005,EUR,548.28,B6254,Bene10,BA010,BIC10,0,Legitimate
270525,121517,TXN788,CUS005,A0002,AUD,523.49,B9337,Bene11,BA011,BIC11,0,Legitimate
060425,201910,TXN789,CUS002,A0003,INR,392.05,B9355,Bene11,BA011,BIC11,0,Legitimate
210525,133623,TXN790,CUS005,A0005,USD,458.34,B9598,Bene3,BA003,BIC3,0,Legitimate
200525,223429,TXN791,CUS004,A0001,AUD,238.09,B5764,Bene1,BA001,BIC1,0,Legitimate
120425,200138,TXN792,CUS001,A0001,EUR,302.38,B8393,Bene3,BA003,BIC3,0,Legitimate
020525,091436,TXN793,CUS002,A0005,GBP,331.9,B5628,Bene12,BA012,BIC12,0,Legitimate
090525,034427,TXN794,CUS005,A0004,EUR,130.67,B8455,Bene2,BA002,BIC2,0,Legitimate
060425,210251,TXN795,CUS005,A0004,AUD,291.01,B6424,Bene12,BA012,BIC12,0,Legitimate
140525,014625,TXN796,CUS005,A0001,AUD,589.35,B5038,Bene10,BA010,BIC10,0,Legitimate
200525,233035,TXN797,CUS001,A0002,AUD,173.83,B9501,Bene1,BA001,BIC1,0,Legitimate
080425,134148,TXN798,CUS005,A0005,GBP,193.29,B5187,Bene11,BA011,BIC11,0,Legitimate
280525,145629,TXN799,CUS005,A0003,INR,230.85,B5273,Bene11,BA011,BIC11,0,Legitimate
140525,120822,TXN800,CUS002,A0001,AUD,604.83,B7863,Bene11,BA011,BIC11,0,Legitimate
050525,182556,TXN801,CUS005,A0004,GBP,111.82,B8043,Bene2,BA002,BIC2,0,Legitimate
060525,061344,TXN802,CUS005,A0001,AUD,168.31,B8924,Bene12,BA012,BIC12,0,Legitimate
290325,144620,TXN803,CUS004,A0002,USD,660.35,B7827,Bene10,BA010,BIC10,0,Legitimate
030525,111003,TXN804,CUS005,A0002,INR,296.3,B6240,Bene10,BA010,BIC10,0,Legitimate
240425,071458,TXN805,CUS005,A0004,INR,472.84,B7438,Bene11,BA011,BIC11,0,Legitimate
010425,005832,TXN806,CUS004,A0002,USD,653.72,B4048,Bene1,NBA964,BIC668,1,Fake Supplier / Vendor Fraud
170525,045157,TXN807,CUS002,A0005,INR,776.26,B5992,Bene1,BA001,BIC1,0,Legitimate
260525,153044,TXN808,CUS002,A0001,GBP,602.85,B6010,Bene1,BA001,BIC1,0,Legitimate
170525,184253,TXN809,CUS001,A0002,AUD,739.75,B8948,Bene1,BA001,BIC1,0,Legitimate
100525,040214,TXN810,CUS004,A0002,INR,326.1,B7788,Bene1,BA001,BIC1,0,Legitimate
090425,054701,TXN811,CUS005,A0001,GBP,383.85,B7760,Bene1,BA001,BIC1,0,Legitimate
150525,205525,TXN812,CUS004,A0004,AUD,631.35,B7556,Bene2,BA002,BIC2,0,Legitimate
150525,173123,TXN813,CUS002,A0005,USD,353.6,B5204,Bene10,BA010,BIC10,0,Legitimate
030425,001451,TXN814,CUS001,A0005,EUR,97.78,B8550,Bene11,BA011,BIC11,0,Legitimate
160425,111307,TXN815,CUS005,A0004,AUD,673.49,B5983,Bene3,BA003,BIC3,0,Legitimate
140425,232357,TXN816,CUS004,A0002,AUD,744.69,B8377,Bene2,BA002,BIC2,0,Legitimate
020425,024817,TXN817,CUS005,A0004,USD,23188.94,NB239,NBene323,NBA624,BIC478,1,Business Email Compromise
110525,191511,TXN818,CUS003,A0003,EUR,622.37,B8862,Bene12,BA012,BIC12,0,Legitimate
060425,222646,TXN819,CUS003,A0004,EUR,372.87,B9517,Bene11,BA011,BIC11,0,Legitimate
260525,081100,TXN820,CUS002,A0003,INR,536.34,B5316,Bene12,BA012,BIC12,0,Legitimate
010425,144643,TXN821,CUS005,A0005,USD,11393.93,NB344,NBene747,NBA606,BIC754,1,Business Email Compromise
020425,220629,TXN822,CUS003,A0002,USD,7125.2,NB788,NBene234,NBA872,BIC103,1,Business Email Compromise
070425,142143,TXN823,CUS001,A0002,EUR,718.98,B6346,Bene12,BA012,BIC12,0,Legitimate
150525,142729,TXN824,CUS002,A0005,INR,508.91,B6237,Bene10,BA010,BIC10,0,Legitimate
100525,172651,TXN825,CUS005,A0003,INR,326.74,B7558,Bene3,BA003,BIC3,0,Legitimate
070425,050440,TXN826,CUS004,A0004,AUD,279.38,B6647,Bene10,BA010,BIC10,0,Legitimate
030525,195348,TXN827,CUS003,A0001,USD,71.01,B9740,Bene1,BA001,BIC1,0,Legitimate
020525,125917,TXN828,CUS002,A0002,GBP,575.51,B8122,Bene11,BA011,BIC11,0,Legitimate
010425,042713,TXN829,CUS001,A0005,INR,409.03,B5071,Bene11,BA011,BIC11,0,Legitimate
310325,210512,TXN830,CUS002,A0005,GBP,424.63,B6468,Bene3,BA003,BIC3,0,Legitimate
110525,002206,TXN831,CUS001,A0001,USD,125.3,B8994,Bene12,BA012,BIC12,0,Legitimate
150425,095314,TXN832,CUS003,A0001,USD,214.2,B9143,Bene12,BA012,BIC12,0,Legitimate
030425,131752,TXN833,CUS005,A0001,INR,472.99,B5027,Bene10,BA010,BIC10,0,Legitimate
030425,182709,TXN834,CUS004,A0004,USD,305.85,B4763,Bene11,NBA979,BIC858,1,Fake Supplier / Vendor Fraud
230525,203503,TXN835,CUS003,A0002,EUR,478.35,B8458,Bene11,BA011,BIC11,0,Legitimate
090525,231005,TXN836,CUS004,A0001,USD,280.28,B8138,Bene11,BA011,BIC11,0,Legitimate
290325,052313,TXN837,CUS004,A0004,AUD,58.5,B6658,Bene10,BA010,BIC10,0,Legitimate
230425,070238,TXN838,CUS003,A0002,EUR,526.29,B8229,Bene12,BA012,BIC12,0,Legitimate
030425,221807,TXN839,CUS001,A0004,USD,16262.53,NB864,NBene648,NBA991,BIC463,1,Business Email Compromise
190525,200256,TXN840,CUS002,A0002,INR,280.84,B9949,Bene12,BA012,BIC12,0,Legitimate
020425,210225,TXN841,CUS005,A0005,USD,275.89,B3034,Bene1,NBA154,BIC596,1,Fake Supplier / Vendor Fraud
010425,155827,TXN842,CUS005,A0003,USD,665.6,B4905,Bene2,NBA745,BIC379,1,Fake Supplier / Vendor Fraud
180525,031352,TXN843,CUS003,A0004,AUD,262.88,B6857,Bene2,BA002,BIC2,0,Legitimate
010425,113813,TXN844,CUS005,A0002,USD,14138.73,NB939,NBene872,NBA605,BIC293,1,Business Email Compromise
160425,000636,TXN845,CUS005,A0002,AUD,243.6,B5514,Bene2,BA002,BIC2,0,Legitimate
150425,213856,TXN846,CUS003,A0005,USD,601.49,B5733,Bene3,BA003,BIC3,0,Legitimate
210425,191458,TXN847,CUS002,A0004,INR,326.99,B9010,Bene10,BA010,BIC10,0,Legitimate
270425,055012,TXN848,CUS003,A0005,INR,199.12,B5815,Bene2,BA002,BIC2,0,Legitimate
140425,113538,TXN849,CUS001,A0001,EUR,360.7,B8125,Bene3,BA003,BIC3,0,Legitimate
050425,235124,TXN850,CUS005,A0001,EUR,415.61,B7772,Bene12,BA012,BIC12,0,Legitimate
270425,002638,TXN851,CUS005,A0002,USD,761.69,B7108,Bene10,BA010,BIC10,0,Legitimate
170525,134959,TXN852,CUS002,A0004,GBP,229.5,B8166,Bene10,BA010,BIC10,0,Legitimate
010425,134233,TXN853,CUS002,A0002,USD,10318.3,NB962,NBene636,NBA997,BIC732,1,Business Email Compromise
160425,114914,TXN854,CUS001,A0003,INR,579.55,B7540,Bene10,BA010,BIC10,0,Legitimate
230525,234625,TXN855,CUS003,A0002,USD,239.11,B7390,Bene1,BA001,BIC1,0,Legitimate
110525,104918,TXN856,CUS004,A0003,GBP,294.21,B6082,Bene3,BA003,BIC3,0,Legitimate
100425,231957,TXN857,CUS002,A0004,INR,642.8,B6620,Bene3,BA003,BIC3,0,Legitimate
110425,125324,TXN858,CUS003,A0003,USD,151.52,B8129,Bene11,BA011,BIC11,0,Legitimate
260425,024957,TXN859,CUS001,A0001,USD,162.69,B7918,Bene10,BA010,BIC10,0,Legitimate
240525,173045,TXN860,CUS004,A0001,INR,375.04,B5982,Bene10,BA010,BIC10,0,Legitimate
180525,075453,TXN861,CUS003,A0004,EUR,345.2,B5127,Bene10,BA010,BIC10,0,Legitimate
240525,163857,TXN862,CUS002,A0002,EUR,130.68,B6298,Bene1,BA001,BIC1,0,Legitimate
240425,213423,TXN863,CUS001,A0005,GBP,372.83,B6117,Bene1,BA001,BIC1,0,Legitimate
100525,230900,TXN864,CUS004,A0003,GBP,407.09,B6669,Bene2,BA002,BIC2,0,Legitimate
180525,093247,TXN865,CUS001,A0001,GBP,798.08,B6912,Bene12,BA012,BIC12,0,Legitimate
290325,020940,TXN866,CUS002,A0001,USD,722.18,B4402,Bene12,NBA992,BIC101,1,Fake Supplier / Vendor Fraud
210425,085204,TXN867,CUS002,A0002,AUD,417.04,B6010,Bene1,BA001,BIC1,0,Legitimate
270425,182203,TXN868,CUS005,A0005,GBP,540.85,B7686,Bene11,BA011,BIC11,0,Legitimate
220425,050546,TXN869,CUS002,A0005,GBP,579.95,B5477,Bene3,BA003,BIC3,0,Legitimate
310325,171855,TXN870,CUS002,A0005,AUD,650.48,B9561,Bene1,BA001,BIC1,0,Legitimate
300325,025829,TXN871,CUS001,A0005,USD,11649.17,NB708,NBene651,NBA229,BIC302,1,Business Email Compromise
300425,183615,TXN872,CUS001,A0004,USD,541.63,B8122,Bene10,BA010,BIC10,0,Legitimate
120525,222407,TXN873,CUS002,A0005,USD,287.82,B9838,Bene11,BA011,BIC11,0,Legitimate
030425,061733,TXN874,CUS004,A0001,GBP,352.22,B8313,Bene10,BA010,BIC10,0,Legitimate
240525,043655,TXN875,CUS005,A0002,AUD,754.55,B9294,Bene10,BA010,BIC10,0,Legitimate
180525,141724,TXN876,CUS001,A0001,EUR,336.73,B9324,Bene12,BA012,BIC12,0,Legitimate
230525,072552,TXN877,CUS002,A0002,INR,713.47,B9294,Bene12,BA012,BIC12,0,Legitimate
030425,111610,TXN878,CUS001,A0003,AUD,712.92,B7010,Bene11,BA011,BIC11,0,Legitimate
220425,164710,TXN879,CUS003,A0003,GBP,707.57,B5455,Bene10,BA010,BIC10,0,Legitimate
270525,190415,TXN880,CUS001,A0004,INR,580.1,B7154,Bene1,BA001,BIC1,0,Legitimate
310325,082938,TXN881,CUS003,A0002,USD,786.35,B8341,Bene11,BA011,BIC11,0,Legitimate
040425,233643,TXN882,CUS002,A0001,GBP,253.32,B7872,Bene11,BA011,BIC11,0,Legitimate
060525,164306,TXN883,CUS003,A0004,GBP,640.52,B8779,Bene11,BA011,BIC11,0,Legitimate
160425,193059,TXN884,CUS003,A0005,AUD,280.08,B8528,Bene10,BA010,BIC10,0,Legitimate
030425,001405,TXN885,CUS003,A0001,USD,458.42,B3061,Bene11,NBA761,BIC232,1,Fake Supplier / Vendor Fraud
030525,181950,TXN886,CUS001,A0005,AUD,770.15,B5893,Bene2,BA002,BIC2,0,Legitimate
300325,213158,TXN887,CUS004,A0001,INR,416.72,B7601,Bene11,BA011,BIC11,0,Legitimate
060525,212554,TXN888,CUS002,A0002,EUR,431.27,B7917,Bene10,BA010,BIC10,0,Legitimate
040525,035149,TXN889,CUS004,A0002,INR,281.76,B8350,Bene1,BA001,BIC1,0,Legitimate
290425,110447,TXN890,CUS001,A0002,EUR,725.16,B7604,Bene11,BA011,BIC11,0,Legitimate
230425,171637,TXN891,CUS001,A0004,EUR,794.08,B7810,Bene1,BA001,BIC1,0,Legitimate
120425,122623,TXN892,CUS003,A0002,AUD,309.39,B6356,Bene1,BA001,BIC1,0,Legitimate
110425,151505,TXN893,CUS001,A0004,AUD,611.49,B5420,Bene1,BA001,BIC1,0,Legitimate
220425,203752,TXN894,CUS004,A0002,INR,160.7,B8399,Bene1,BA001,BIC1,0,Legitimate
270425,175253,TXN895,CUS001,A0003,GBP,115.16,B5209,Bene12,BA012,BIC12,0,Legitimate
070425,015831,TXN896,CUS005,A0004,AUD,735.25,B6060,Bene3,BA003,BIC3,0,Legitimate
040425,172152,TXN897,CUS001,A0002,INR,658.53,B8310,Bene3,BA003,BIC3,0,Legitimate
180425,153303,TXN898,CUS003,A0002,AUD,538.02,B6437,Bene10,BA010,BIC10,0,Legitimate
160525,133415,TXN899,CUS001,A0005,INR,91.26,B5343,Bene1,BA001,BIC1,0,Legitimate
080525,063620,TXN900,CUS003,A0004,GBP,346.37,B9261,Bene3,BA003,BIC3,0,Legitimate
290325,091728,TXN901,CUS001,A0004,USD,7593.87,NB209,NBene204,NBA927,BIC845,1,Business Email Compromise
260525,052713,TXN902,CUS001,A0004,AUD,284.26,B8561,Bene11,BA011,BIC11,0,Legitimate
210525,073218,TXN903,CUS004,A0003,AUD,692.5,B7662,Bene3,BA003,BIC3,0,Legitimate
230525,060811,TXN904,CUS005,A0001,INR,110.71,B6414,Bene10,BA010,BIC10,0,Legitimate
130525,064751,TXN905,CUS004,A0003,EUR,664.48,B6826,Bene10,BA010,BIC10,0,Legitimate
030425,220946,TXN906,CUS004,A0003,USD,500.26,B3006,Bene12,NBA997,BIC616,1,Fake Supplier / Vendor Fraud
260525,143157,TXN907,CUS003,A0003,INR,187.87,B8403,Bene11,BA011,BIC11,0,Legitimate
070525,202917,TXN908,CUS002,A0004,EUR,369.47,B6893,Bene11,BA011,BIC11,0,Legitimate
210425,003031,TXN909,CUS003,A0002,GBP,350.12,B7439,Bene2,BA002,BIC2,0,Legitimate
270525,183301,TXN910,CUS001,A0005,GBP,496.62,B7739,Bene12,BA012,BIC12,0,Legitimate
160425,123823,TXN911,CUS004,A0002,EUR,150.27,B9657,Bene3,BA003,BIC3,0,Legitimate
200525,083346,TXN912,CUS004,A0003,EUR,93.9,B7706,Bene3,BA003,BIC3,0,Legitimate
170525,055704,TXN913,CUS004,A0004,USD,168.39,B6906,Bene2,BA002,BIC2,0,Legitimate
200525,060101,TXN914,CUS001,A0005,GBP,220.0,B7914,Bene2,BA002,BIC2,0,Legitimate
210425,174404,TXN915,CUS005,A0004,AUD,63.5,B7088,Bene3,BA003,BIC3,0,Legitimate
310325,002025,TXN916,CUS001,A0005,USD,280.5,B7554,Bene1,BA001,BIC1,0,Legitimate
250425,192310,TXN917,CUS005,A0004,INR,684.66,B9493,Bene2,BA002,BIC2,0,Legitimate
290325,153254,TXN918,CUS005,A0003,USD,19020.24,NB943,NBene687,NBA467,BIC824,1,Business Email Compromise
010425,042029,TXN919,CUS001,A0005,USD,717.71,B4091,Bene10,NBA941,BIC686,1,Fake Supplier / Vendor Fraud
290325,074055,TXN920,CUS002,A0001,AUD,701.4,B9233,Bene11,BA011,BIC11,0,Legitimate
310325,091428,TXN921,CUS004,A0002,USD,702.62,B4308,Bene12,NBA928,BIC103,1,Fake Supplier / Vendor Fraud
100525,040953,TXN922,CUS003,A0005,AUD,310.06,B7802,Bene10,BA010,BIC10,0,Legitimate
060425,215240,TXN923,CUS001,A0003,INR,581.73,B9134,Bene3,BA003,BIC3,0,Legitimate
030525,225726,TXN924,CUS003,A0005,AUD,113.73,B5621,Bene11,BA011,BIC11,0,Legitimate
270425,122323,TXN925,CUS004,A0002,AUD,327.47,B7437,Bene3,BA003,BIC3,0,Legitimate
300325,004252,TXN926,CUS001,A0001,AUD,196.53,B5855,Bene1,BA001,BIC1,0,Legitimate
240525,015237,TXN927,CUS002,A0002,AUD,757.87,B6363,Bene2,BA002,BIC2,0,Legitimate
020525,060653,TXN928,CUS003,A0003,EUR,493.53,B5625,Bene2,BA002,BIC2,0,Legitimate
300425,120725,TXN929,CUS002,A0002,AUD,200.53,B9106,Bene1,BA001,BIC1,0,Legitimate
060525,083403,TXN930,CUS001,A0003,EUR,65.47,B8076,Bene2,BA002,BIC2,0,Legitimate
010425,025538,TXN931,CUS005,A0001,GBP,474.32,B6266,Bene12,BA012,BIC12,0,Legitimate
280425,092430,TXN932,CUS005,A0001,AUD,152.05,B8229,Bene12,BA012,BIC12,0,Legitimate
210425,132403,TXN933,CUS002,A0002,INR,64.64,B9988,Bene2,BA002,BIC2,0,Legitimate
090525,214300,TXN934,CUS005,A0005,USD,492.78,B9625,Bene10,BA010,BIC10,0,Legitimate
070425,070605,TXN935,CUS005,A0004,EUR,514.92,B7846,Bene2,BA002,BIC2,0,Legitimate
300325,133530,TXN936,CUS002,A0005,USD,10310.43,NB987,NBene989,NBA149,BIC709,1,Business Email Compromise
100425,193737,TXN937,CUS005,A0003,INR,205.01,B7929,Bene3,BA003,BIC3,0,Legitimate
220425,222918,TXN938,CUS005,A0002,AUD,319.74,B5049,Bene12,BA012,BIC12,0,Legitimate
220425,123133,TXN939,CUS004,A0004,USD,441.09,B6189,Bene3,BA003,BIC3,0,Legitimate
200425,202406,TXN940,CUS003,A0001,AUD,162.11,B5971,Bene12,BA012,BIC12,0,Legitimate
010425,075931,TXN941,CUS001,A0002,USD,702.52,B4357,Bene3,NBA289,BIC537,1,Fake Supplier / Vendor Fraud
090525,122010,TXN942,CUS005,A0005,USD,101.62,B5964,Bene2,BA002,BIC2,0,Legitimate
150425,093334,TXN943,CUS003,A0005,GBP,446.11,B5697,Bene3,BA003,BIC3,0,Legitimate
130525,220851,TXN944,CUS005,A0003,AUD,516.77,B9726,Bene1,BA001,BIC1,0,Legitimate
010425,142510,TXN945,CUS005,A0002,USD,15571.64,NB208,NBene535,NBA812,BIC800,1,Business Email Compromise
120525,144600,TXN946,CUS004,A0005,INR,407.79,B7524,Bene10,BA010,BIC10,0,Legitimate
180425,194108,TXN947,CUS005,A0004,GBP,600.98,B5843,Bene12,BA012,BIC12,0,Legitimate
200525,061248,TXN948,CUS005,A0004,AUD,73.94,B5793,Bene1,BA001,BIC1,0,Legitimate
260525,192039,TXN949,CUS002,A0003,GBP,511.23,B7203,Bene12,BA012,BIC12,0,Legitimate
160425,193123,TXN950,CUS003,A0003,GBP,290.74,B9949,Bene10,BA010,BIC10,0,Legitimate
250525,043430,TXN951,CUS002,A0003,EUR,600.84,B7675,Bene10,BA010,BIC10,0,Legitimate
250525,164914,TXN952,CUS003,A0003,USD,404.32,B7681,Bene2,BA002,BIC2,0,Legitimate
300325,134302,TXN953,CUS001,A0005,EUR,567.89,B6578,Bene10,BA010,BIC10,0,Legitimate
200425,092544,TXN954,CUS001,A0003,AUD,388.81,B7922,Bene3,BA003,BIC3,0,Legitimate
250425,051222,TXN955,CUS003,A0003,GBP,690.61,B9196,Bene12,BA012,BIC12,0,Legitimate
040425,091713,TXN956,CUS004,A0001,AUD,708.99,B8577,Bene3,BA003,BIC3,0,Legitimate
080525,030922,TXN957,CUS001,A0005,USD,467.85,B8073,Bene10,BA010,BIC10,0,Legitimate
050425,070539,TXN958,CUS002,A0002,GBP,472.25,B9160,Bene12,BA012,BIC12,0,Legitimate
280425,174839,TXN959,CUS002,A0003,INR,260.48,B7455,Bene10,BA010,BIC10,0,Legitimate
310325,115727,TXN960,CUS002,A0005,GBP,351.45,B5364,Bene2,BA002,BIC2,0,Legitimate
180525,205821,TXN961,CUS002,A0002,EUR,678.35,B5628,Bene10,BA010,BIC10,0,Legitimate
220425,183014,TXN962,CUS001,A0004,AUD,346.01,B5967,Bene11,BA011,BIC11,0,Legitimate
260425,041239,TXN963,CUS004,A0001,EUR,220.03,B7146,Bene2,BA002,BIC2,0,Legitimate
150525,203745,TXN964,CUS005,A0001,USD,739.89,B7639,Bene10,BA010,BIC10,0,Legitimate
120425,041630,TXN965,CUS005,A0001,GBP,179.36,B8965,Bene1,BA001,BIC1,0,Legitimate
210425,004645,TXN966,CUS005,A0005,AUD,259.69,B7402,Bene3,BA003,BIC3,0,Legitimate
010425,052307,TXN967,CUS003,A0001,USD,715.19,B3401,Bene10,NBA964,BIC414,1,Fake Supplier / Vendor Fraud
140525,174054,TXN968,CUS003,A0003,USD,366.7,B7359,Bene10,BA010,BIC10,0,Legitimate
090425,221134,TXN969,CUS003,A0002,AUD,641.04,B9455,Bene11,BA011,BIC11,0,Legitimate
230425,043040,TXN970,CUS003,A0002,EUR,484.06,B8760,Bene1,BA001,BIC1,0,Legitimate
190525,214902,TXN971,CUS003,A0004,INR,697.63,B5677,Bene11,BA011,BIC11,0,Legitimate
030425,103706,TXN972,CUS004,A0002,USD,554.78,B3782,Bene12,NBA188,BIC959,1,Fake Supplier / Vendor Fraud
080525,065630,TXN973,CUS005,A0001,AUD,660.65,B7992,Bene12,BA012,BIC12,0,Legitimate
280525,183543,TXN974,CUS003,A0005,EUR,130.32,B9309,Bene3,BA003,BIC3,0,Legitimate
170425,162325,TXN975,CUS002,A0001,EUR,645.72,B6048,Bene2,BA002,BIC2,0,Legitimate
270525,042820,TXN976,CUS005,A0001,INR,697.8,B9916,Bene11,BA011,BIC11,0,Legitimate
230425,132307,TXN977,CUS002,A0003,AUD,587.22,B5230,Bene12,BA012,BIC12,0,Legitimate
070525,120908,TXN978,CUS004,A0002,INR,89.83,B7829,Bene1,BA001,BIC1,0,Legitimate
180425,133459,TXN979,CUS004,A0005,INR,546.22,B5996,Bene1,BA001,BIC1,0,Legitimate
010525,133938,TXN980,CUS004,A0005,INR,697.02,B5803,Bene10,BA010,BIC10,0,Legitimate
240425,020735,TXN981,CUS001,A0004,AUD,682.58,B6520,Bene1,BA001,BIC1,0,Legitimate
150525,213834,TXN982,CUS003,A0002,USD,98.44,B7150,Bene10,BA010,BIC10,0,Legitimate
040425,130054,TXN983,CUS004,A0005,USD,361.52,B7263,Bene10,BA010,BIC10,0,Legitimate
290425,033348,TXN984,CUS003,A0005,USD,668.03,B6191,Bene1,BA001,BIC1,0,Legitimate
080425,102002,TXN985,CUS005,A0004,INR,674.96,B9400,Bene11,BA011,BIC11,0,Legitimate
110425,210633,TXN986,CUS003,A0002,AUD,427.8,B6057,Bene12,BA012,BIC12,0,Legitimate
150425,125131,TXN987,CUS002,A0004,EUR,768.97,B5826,Bene11,BA011,BIC11,0,Legitimate
